-- phpMyAdmin SQL Dump
-- version 5.1.1
-- https://www.phpmyadmin.net/
--
-- Host: 127.0.0.1
-- Generation Time: Apr 22, 2022 at 03:10 PM
-- Server version: 10.4.22-MariaDB
-- PHP Version: 7.4.27

SET SQL_MODE = "NO_AUTO_VALUE_ON_ZERO";
START TRANSACTION;
SET time_zone = "+00:00";


/*!40101 SET @OLD_CHARACTER_SET_CLIENT=@@CHARACTER_SET_CLIENT */;
/*!40101 SET @OLD_CHARACTER_SET_RESULTS=@@CHARACTER_SET_RESULTS */;
/*!40101 SET @OLD_COLLATION_CONNECTION=@@COLLATION_CONNECTION */;
/*!40101 SET NAMES utf8mb4 */;

--
-- Database: `k3s`
--

-- --------------------------------------------------------

--
-- Table structure for table `data_hasil_klasifikasi`
--

CREATE TABLE `data_hasil_klasifikasi` (
  `id` int(3) NOT NULL,
  `id_siswa` int(3) NOT NULL DEFAULT 0,
  `jenis_kelamin` enum('L','P') DEFAULT NULL,
  `usia` int(2) DEFAULT NULL,
  `sekolah` varchar(6) DEFAULT NULL,
  `jawaban_a` int(2) DEFAULT NULL,
  `jawaban_b` int(2) DEFAULT NULL,
  `jawaban_c` int(2) DEFAULT NULL,
  `jawaban_d` int(2) DEFAULT NULL,
  `kelas_hasil` varchar(20) DEFAULT NULL,
  `nilai_sanguin` double DEFAULT NULL,
  `nilai_koleris` double DEFAULT NULL,
  `nilai_melankolis` double DEFAULT NULL,
  `nilai_plegmatis` double DEFAULT NULL
) ENGINE=InnoDB DEFAULT CHARSET=latin1;

--
-- Dumping data for table `data_hasil_klasifikasi`
--

INSERT INTO `data_hasil_klasifikasi` (`id`, `id_siswa`, `jenis_kelamin`, `usia`, `sekolah`, `jawaban_a`, `jawaban_b`, `jawaban_c`, `jawaban_d`, `kelas_hasil`, `nilai_sanguin`, `nilai_koleris`, `nilai_melankolis`, `nilai_plegmatis`) VALUES
(1, 1, 'P', 11, 'Negeri', 15, 8, 8, 9, 'Plegmatis', 0.00000000000000529875, 0.00000000004298232042, 0.00000000000012523911, 0.00000000034594363729),
(2, 2, 'L', 12, 'Negeri', 15, 13, 6, 6, 'Koleris', 0.00000000914116005555, 0.0000001416358262316, 0.00000000000136247877, 0.00000006540390701573),
(3, 3, 'P', 11, 'Negeri', 8, 8, 11, 13, 'Plegmatis', 0.00000000000000221072, 0.00000000003884059709, 0.00000000002370415742, 0.00000000080117429838),
(4, 4, 'L', 11, 'Negeri', 20, 14, 2, 4, 'Koleris', 0.00000000000000124421, 0.00000000002130497465, 0, 0.00000000002129175825),
(5, 5, 'L', 11, 'Negeri', 10, 7, 16, 7, 'Plegmatis', 0.0000000000000010897, 0.00000000001241715189, 0.00000000005872289837, 0.00000000032712852102),
(6, 6, 'L', 11, 'Negeri', 1, 0, 0, 39, 'Plegmatis', 0, 5.0936e-16, 0, 0.00000000000796441908),
(7, 7, 'P', 11, 'Negeri', 13, 8, 5, 14, 'Plegmatis', 0.0000000000000030323, 0.00000000002968507663, 9.001e-17, 0.00000000052763497466),
(8, 8, 'L', 11, 'Negeri', 12, 11, 8, 9, 'Plegmatis', 0.00000000000000528557, 0.00000000016938835053, 0.00000000000009933882, 0.00000000047006653894),
(9, 9, 'L', 11, 'Negeri', 12, 9, 5, 14, 'Plegmatis', 0.00000000000000338494, 0.00000000007071132987, 5.108e-17, 0.0000000005486328275),
(10, 10, 'P', 11, 'Negeri', 16, 7, 10, 7, 'Plegmatis', 0.00000000000000457886, 0.00000000002679163449, 0.00000000000295114852, 0.00000000023883319268),
(11, 11, 'L', 11, 'Negeri', 11, 9, 9, 11, 'Plegmatis', 0.00000000000000489683, 0.00000000011870746549, 0.00000000000070947796, 0.00000000064066042917),
(12, 12, 'L', 11, 'Negeri', 0, 6, 24, 10, 'Plegmatis', 2.16e-18, 0.00000000000001265174, 1.954e-17, 0.00000000002258300055),
(13, 13, 'L', 11, 'Negeri', 2, 3, 16, 19, 'Plegmatis', 6.947e-17, 0.00000000000086925992, 0.00000000001498825446, 0.00000000022925660933),
(14, 14, 'L', 11, 'Negeri', 6, 11, 17, 6, 'Plegmatis', 3.9569e-16, 0.00000000001495039052, 0.0000000000271545417, 0.00000000021247939129),
(15, 15, 'L', 11, 'Negeri', 9, 10, 10, 11, 'Plegmatis', 0.00000000000000370041, 0.00000000013553072169, 0.00000000000363263992, 0.00000000067335029691),
(16, 16, 'L', 11, 'Negeri', 11, 12, 6, 11, 'Plegmatis', 0.00000000000000399363, 0.00000000016119838317, 9.8606e-16, 0.00000000050619974351),
(17, 17, 'P', 11, 'Negeri', 10, 8, 11, 11, 'Plegmatis', 0.00000000000000320247, 0.0000000000434551978, 0.00000000002484845175, 0.00000000071710381024),
(18, 18, 'P', 11, 'Negeri', 12, 12, 6, 10, 'Plegmatis', 0.0000000000000037754, 0.00000000008869149681, 0.00000000000000182241, 0.00000000046450498009),
(19, 19, 'P', 11, 'Negeri', 14, 13, 7, 6, 'Plegmatis', 0.00000000000000375556, 0.00000000009155895425, 0.00000000000001509381, 0.00000000024794571068),
(20, 20, 'P', 11, 'Negeri', 8, 7, 9, 16, 'Plegmatis', 0.00000000000000176692, 0.00000000002890022964, 0.0000000000011927517, 0.0000000008814614583),
(21, 21, 'P', 11, 'Negeri', 10, 17, 8, 5, 'Plegmatis', 0.00000000000000163467, 0.00000000010386494684, 0.00000000000016515194, 0.0000000002401623244),
(22, 22, 'L', 12, 'Negeri', 19, 9, 7, 5, 'Koleris', 0.00000000995870916669, 0.00000005175533676885, 0.00000000000549429855, 0.00000002591326328721),
(23, 23, 'P', 10, 'Negeri', 6, 11, 9, 14, 'Plegmatis', 0, 0.00000000000000266064, 7.79e-18, 0.00000000000013555866),
(24, 24, 'L', 9, 'Negeri', 35, 0, 4, 1, 'Sanguin', 0, 0, 0, 0),
(25, 25, 'L', 10, 'Negeri', 38, 0, 1, 1, 'Plegmatis', 0, 1e-20, 0, 2e-20),
(26, 26, 'L', 10, 'Negeri', 9, 11, 11, 9, 'Plegmatis', 0, 0.00000000000000529673, 8.317e-17, 0.00000000000010758713),
(27, 27, 'P', 10, 'Negeri', 9, 7, 15, 9, 'Plegmatis', 0, 4.0333e-16, 0.0000000000000011065, 0.00000000000009378823),
(28, 28, 'L', 10, 'Negeri', 8, 8, 14, 10, 'Plegmatis', 0, 0.00000000000000134107, 5.4811e-16, 0.00000000000010350782),
(29, 29, 'P', 10, 'Negeri', 8, 11, 14, 7, 'Plegmatis', 0, 0.00000000000000130968, 0.00000000000000104391, 0.00000000000007916222),
(30, 30, 'P', 10, 'Negeri', 3, 7, 11, 19, 'Plegmatis', 0, 4.1811e-16, 5.572e-17, 0.00000000000009724394),
(31, 31, 'L', 10, 'Negeri', 5, 18, 14, 3, 'Plegmatis', 0, 0.00000000000000168293, 2.5292e-16, 0.00000000000002023779),
(32, 32, 'L', 10, 'Negeri', 9, 9, 14, 8, 'Plegmatis', 0, 0.00000000000000173335, 5.496e-16, 0.00000000000008788064),
(33, 33, 'P', 10, 'Negeri', 7, 14, 8, 11, 'Plegmatis', 0, 0.0000000000000042108, 1.33e-18, 0.00000000000010403642),
(34, 34, 'L', 10, 'Negeri', 4, 11, 14, 11, 'Plegmatis', 0, 0.0000000000000017809, 3.6171e-16, 0.00000000000007121298),
(35, 35, 'L', 11, 'Negeri', 4, 24, 5, 7, 'Plegmatis', 1.2561e-16, 0.000000000023342622, 1.963e-17, 0.00000000005523377693),
(36, 36, 'P', 10, 'Negeri', 7, 11, 7, 15, 'Plegmatis', 0, 0.00000000000000249794, 1.4e-19, 0.00000000000014074136),
(37, 37, 'P', 10, 'Negeri', 6, 6, 13, 15, 'Plegmatis', 0, 4.0807e-16, 5.779e-16, 0.00000000000013220385);

-- --------------------------------------------------------

--
-- Table structure for table `data_latih`
--

CREATE TABLE `data_latih` (
  `id` int(3) NOT NULL,
  `nama` varchar(200) DEFAULT NULL,
  `jenis_kelamin` enum('L','P') DEFAULT NULL,
  `usia` int(2) DEFAULT NULL,
  `sekolah` varchar(6) DEFAULT NULL,
  `jawaban_a` int(2) DEFAULT NULL,
  `jawaban_b` int(2) DEFAULT NULL,
  `jawaban_c` int(2) DEFAULT NULL,
  `jawaban_d` int(2) DEFAULT NULL,
  `kelas_asli` varchar(50) DEFAULT NULL
) ENGINE=InnoDB DEFAULT CHARSET=latin1;

--
-- Dumping data for table `data_latih`
--

INSERT INTO `data_latih` (`id`, `nama`, `jenis_kelamin`, `usia`, `sekolah`, `jawaban_a`, `jawaban_b`, `jawaban_c`, `jawaban_d`, `kelas_asli`) VALUES
(1, 'Asher Fawwazadzka', 'L', 13, 'Swasta', 19, 4, 5, 12, 'Sanguin'),
(2, 'Wafda Mukrom Q.F', 'L', 13, 'Swasta', 15, 9, 9, 7, 'Sanguin'),
(3, 'Zulham \'Ali Fikri', 'L', 14, 'Swasta', 5, 6, 12, 17, 'Plegmatis'),
(4, 'Qosholis S Al-Usama', 'L', 15, 'Swasta', 13, 8, 9, 10, 'Sanguin'),
(5, 'Muhammad Shodiq', 'L', 15, 'Swasta', 20, 9, 5, 6, 'Sanguin'),
(6, 'Hilmy Aziz M', 'L', 14, 'Swasta', 10, 12, 13, 5, 'Melankolis'),
(7, 'Rafif', 'L', 14, 'Swasta', 13, 7, 12, 8, 'Sanguin'),
(8, 'Muhammad F Attaqi', 'L', 14, 'Swasta', 8, 11, 17, 4, 'Melankolis'),
(9, 'M. Najib Erdyansya', 'L', 13, 'Swasta', 10, 13, 6, 11, 'Koleris'),
(10, 'Moh. Inas Ramadhan', 'L', 13, 'Swasta', 16, 12, 7, 5, 'Sanguin'),
(11, 'Akmal Thoriq M', 'L', 15, 'Swasta', 9, 14, 10, 7, 'Koleris'),
(12, 'Abdullah Yusuf F R', 'L', 13, 'Swasta', 8, 6, 11, 15, 'Plegmatis'),
(13, 'Akhdan Muhammad F', 'L', 13, 'Swasta', 12, 11, 9, 8, 'Sanguin'),
(14, 'Faris Saifullah', 'L', 14, 'Swasta', 15, 8, 10, 7, 'Sanguin'),
(15, 'M Riza A.K', 'L', 13, 'Swasta', 16, 6, 7, 11, 'Sanguin'),
(16, 'M. Lazuardy F', 'L', 13, 'Swasta', 12, 8, 10, 10, 'Sanguin'),
(17, 'M Zidan Al Baihaqi', 'L', 14, 'Swasta', 9, 4, 5, 22, 'Plegmatis'),
(18, 'Abdul Allam', 'L', 15, 'Swasta', 10, 3, 12, 15, 'Plegmatis'),
(19, 'Sauqi Hilmi M', 'L', 14, 'Swasta', 11, 2, 6, 21, 'Plegmatis'),
(20, 'Ahzami Asy-Syhadi', 'L', 13, 'Swasta', 9, 9, 10, 12, 'Plegmatis'),
(21, 'Nashrul Fatih Y', 'L', 13, 'Swasta', 13, 6, 9, 12, 'Sanguin'),
(22, 'Qomaruddin Zaki', 'L', 14, 'Swasta', 8, 12, 10, 10, 'Koleris'),
(23, 'Ichsanul A Sholeh', 'L', 13, 'Swasta', 15, 2, 8, 15, 'Sanguin'),
(24, 'Syahaq', 'L', 13, 'Swasta', 10, 9, 9, 12, 'Plegmatis'),
(25, 'Betelgeuse W F K', 'L', 14, 'Swasta', 12, 14, 9, 5, 'Koleris'),
(26, 'Dian Izza Nadiya', 'P', 15, 'Swasta', 10, 8, 15, 7, 'Melankolis'),
(27, 'Ivana Thynaba Nareza', 'P', 14, 'Swasta', 5, 4, 11, 20, 'Plegmatis'),
(28, 'Cia', 'P', 14, 'Swasta', 24, 10, 2, 4, 'Sanguin'),
(29, 'Rahmadita Nurdian K', 'P', 14, 'Swasta', 16, 11, 6, 7, 'Sanguin'),
(30, 'Shofiyyah R Aisy', 'P', 13, 'Swasta', 5, 2, 17, 16, 'Melankolis'),
(31, 'Sabrina Salsa Oktavia', 'P', 14, 'Swasta', 14, 11, 6, 9, 'Sanguin'),
(32, 'Anis', 'P', 14, 'Swasta', 8, 2, 8, 22, 'Plegmatis'),
(33, 'Khansa F Nirwasita', 'P', 13, 'Swasta', 21, 8, 5, 6, 'Sanguin'),
(34, 'Aisyah Regina P', 'P', 15, 'Swasta', 8, 10, 9, 13, 'Plegmatis'),
(35, 'Syafina M Firdaus', 'P', 13, 'Swasta', 12, 11, 10, 7, 'Sanguin'),
(36, 'M Yasmin', 'P', 13, 'Swasta', 6, 15, 8, 11, 'Koleris'),
(37, 'Umu Latifatul Jannah', 'P', 13, 'Swasta', 14, 5, 6, 15, 'Plegmatis'),
(38, 'Amara Rida Z', 'P', 15, 'Swasta', 7, 8, 12, 13, 'Plegmatis'),
(39, 'Shofiatur Rahmah', 'P', 15, 'Swasta', 5, 20, 10, 5, 'Koleris'),
(40, 'Urfi Zukhrufa', 'P', 13, 'Swasta', 12, 1, 12, 15, 'Plegmatis'),
(41, 'Namira Aaiilah S', 'P', 13, 'Swasta', 8, 4, 15, 13, 'Melankolis'),
(42, 'Putri Annisa Aura D', 'P', 14, 'Swasta', 9, 4, 9, 18, 'Plegmatis'),
(43, 'Aisyah Lailai Habibah Firdausi', 'P', 14, 'Swasta', 17, 4, 7, 12, 'Sanguin'),
(44, 'Deffanie Aulia R', 'P', 15, 'Swasta', 10, 10, 14, 6, 'Melankolis'),
(45, 'Khanita Najla Nazhifa', 'P', 13, 'Swasta', 9, 11, 7, 13, 'Plegmatis'),
(46, 'Rosy Fatati qonita', 'P', 15, 'Swasta', 9, 4, 10, 17, 'Plegmatis'),
(47, 'Bilqis Belvana Enesia', 'P', 15, 'Swasta', 7, 11, 10, 12, 'Plegmatis'),
(48, 'Rr. Mahira Muntaz', 'P', 13, 'Swasta', 14, 6, 11, 9, 'Sanguin'),
(49, 'Nabila Salsabila', 'P', 13, 'Swasta', 7, 6, 15, 12, 'Melankolis'),
(50, 'Syahidatul Izzah A', 'P', 13, 'Swasta', 17, 11, 6, 6, 'Sanguin'),
(51, 'M. Syarifuddin N. R', 'L', 13, 'Negeri', 9, 9, 10, 12, 'Plegmatis'),
(52, 'S. Agung Setiawan', 'L', 13, 'Negeri', 8, 6, 11, 15, 'Plegmatis'),
(53, 'Bagas Septian P', 'L', 13, 'Negeri', 10, 10, 14, 6, 'Melankolis'),
(54, 'M. Ramadhan', 'L', 13, 'Negeri', 12, 4, 13, 11, 'Melankolis'),
(55, 'Dwi Agus Wijayanto', 'L', 13, 'Negeri', 9, 5, 10, 16, 'Plegmatis'),
(56, 'Septian Priana A', 'L', 13, 'Negeri', 10, 13, 5, 12, 'Koleris'),
(57, 'M. Rifan N', 'L', 14, 'Negeri', 9, 5, 6, 20, 'Plegmatis'),
(58, 'Akbar Bagus P', 'L', 13, 'Negeri', 10, 15, 6, 9, 'Koleris'),
(59, 'Miftachul Arista M.', 'L', 13, 'Negeri', 10, 10, 13, 7, 'Melankolis'),
(60, 'Miracle Nathanael P', 'L', 14, 'Negeri', 7, 6, 8, 19, 'Plegmatis'),
(61, 'Andika Aji P', 'L', 13, 'Negeri', 10, 11, 9, 10, 'Koleris'),
(62, 'M Naufal Adib H', 'L', 13, 'Negeri', 6, 11, 14, 9, 'Melankolis'),
(63, 'Kevin Alifiano Bassam', 'L', 13, 'Negeri', 13, 9, 8, 10, 'Sanguin'),
(64, 'M Ilham Nur Rahmi', 'L', 13, 'Negeri', 15, 5, 9, 11, 'Sanguin'),
(65, 'Ach.Fahrudin N', 'L', 13, 'Negeri', 15, 9, 10, 6, 'Sanguin'),
(66, 'Nifa Lazwardy S', 'L', 13, 'Negeri', 15, 12, 5, 8, 'Sanguin'),
(67, 'Rido Dimas Permadi', 'L', 14, 'Negeri', 12, 14, 10, 4, 'Koleris'),
(68, 'M. Daffa Amrullah', 'L', 14, 'Negeri', 5, 14, 10, 11, 'Koleris'),
(69, 'Moch.Rico Zaenoni', 'L', 14, 'Negeri', 15, 12, 6, 7, 'Sanguin'),
(70, 'Amsal A Setyono', 'L', 14, 'Negeri', 14, 5, 8, 13, 'Sanguin'),
(71, 'Khoirul Anam', 'L', 15, 'Negeri', 6, 12, 6, 16, 'Plegmatis'),
(72, 'Muhammad Adam F', 'L', 13, 'Negeri', 14, 8, 8, 10, 'Sanguin'),
(73, 'Yudistira Dimas S', 'L', 13, 'Negeri', 10, 10, 8, 12, 'Plegmatis'),
(74, 'Muhammad S', 'L', 14, 'Negeri', 12, 9, 5, 14, 'Plegmatis'),
(75, 'M. Abdullah Ilham A', 'L', 14, 'Negeri', 13, 6, 9, 12, 'Sanguin'),
(76, 'Yati Nur Azizah', 'P', 13, 'Negeri', 13, 7, 8, 12, 'Sanguin'),
(77, 'Berlian Sabilillah R', 'P', 13, 'Negeri', 14, 7, 10, 9, 'Sanguin'),
(78, 'Safira Putri Frandika', 'P', 14, 'Negeri', 11, 14, 7, 8, 'Koleris'),
(79, 'Fasta Itfina', 'P', 14, 'Negeri', 12, 7, 13, 8, 'Melankolis'),
(80, 'Putri Sofiyana N', 'P', 14, 'Negeri', 5, 12, 15, 8, 'Melankolis'),
(81, 'Arni Nur Unaifah', 'P', 13, 'Negeri', 14, 18, 5, 3, 'Koleris'),
(82, 'Kharisma Yogi C', 'P', 13, 'Negeri', 7, 15, 10, 8, 'Koleris'),
(83, 'Nandy Lava B. Utomo', 'P', 13, 'Negeri', 12, 2, 16, 10, 'Melankolis'),
(84, 'Emilia Nur Rohmah', 'P', 13, 'Negeri', 10, 4, 14, 12, 'Melankolis'),
(85, 'Racgmalia Nur Fitri', 'P', 14, 'Negeri', 9, 6, 7, 18, 'Plegmatis'),
(86, 'Zillanatus V Aaliyah', 'P', 13, 'Negeri', 4, 11, 11, 14, 'Plegmatis'),
(87, 'Rahma Nilam Cahya', 'P', 13, 'Negeri', 8, 9, 14, 9, 'Melankolis'),
(88, 'Denok Handayani', 'P', 13, 'Negeri', 6, 8, 16, 10, 'Melankolis'),
(89, 'Tiara Fauzul Islam', 'P', 13, 'Negeri', 7, 12, 13, 8, 'Melankolis'),
(90, 'Cici Farida A. P', 'P', 13, 'Negeri', 4, 4, 17, 15, 'Plegmatis'),
(91, 'Adhelia Putri P', 'P', 13, 'Negeri', 12, 5, 6, 17, 'Plegmatis'),
(92, 'Arinta Agustine', 'P', 14, 'Negeri', 13, 11, 10, 6, 'Sanguin'),
(93, 'Ameliatur Zahro', 'P', 14, 'Negeri', 18, 9, 6, 7, 'Sanguin'),
(94, 'Elsandra Nur Maidah', 'P', 14, 'Negeri', 17, 4, 11, 8, 'Sanguin'),
(95, 'Citra Indiana Putri', 'P', 13, 'Negeri', 9, 9, 8, 14, 'Plegmatis'),
(96, 'Ayu Febri Wulandari', 'P', 13, 'Negeri', 6, 5, 8, 21, 'Plegmatis'),
(97, 'Fischa Aditiyah W', 'P', 14, 'Negeri', 13, 10, 7, 10, 'Sanguin'),
(98, 'Isma Marista Riyanti', 'P', 13, 'Negeri', 13, 12, 8, 7, 'Sanguin'),
(99, 'Khodijah Febriyanti', 'P', 13, 'Negeri', 12, 8, 11, 9, 'Sanguin'),
(100, 'Citra Tsabitan A', 'P', 13, 'Negeri', 18, 9, 8, 5, 'Sanguin');

-- --------------------------------------------------------

--
-- Table structure for table `data_siswa`
--

CREATE TABLE `data_siswa` (
  `id` int(3) NOT NULL,
  `nama_siswa` varchar(50) DEFAULT NULL,
  `nis` char(10) DEFAULT NULL,
  `jenis_kelamin` enum('L','P') DEFAULT NULL,
  `usia` int(2) DEFAULT NULL,
  `sekolah` varchar(6) DEFAULT NULL,
  `id_user` int(3) NOT NULL DEFAULT 0,
  `nama_orgtua` varchar(50) DEFAULT NULL,
  `telp_orgtua` varchar(30) DEFAULT NULL
) ENGINE=InnoDB DEFAULT CHARSET=latin1;

--
-- Dumping data for table `data_siswa`
--

INSERT INTO `data_siswa` (`id`, `nama_siswa`, `nis`, `jenis_kelamin`, `usia`, `sekolah`, `id_user`, `nama_orgtua`, `telp_orgtua`) VALUES
(1, 'Ananda Amalia Yunus', '1609578001', 'P', 11, 'Negeri', 43, 'Drs. Makdis Tappu', '085299303229'),
(2, 'Andhika Hatriawan', '1609547002', 'L', 12, 'Negeri', 44, 'H. Abdul Muthalib', '081551166239'),
(3, 'Andi fitri faradibah', '1609603003', 'P', 11, 'Negeri', 45, 'Ummi Kalsum S.pd', '085242328823'),
(4, 'Andi Ghaza Al-Ghazali Awal', '1609546004', 'L', 11, 'Negeri', 46, 'Abdullah PD', '081342709341'),
(5, 'Andi muh fajrul islam', '1609604005', 'L', 11, 'Negeri', 47, 'Drs. Ahmad Albar', '082261169993'),
(6, 'Andi muhammad yusuf amin', '1609610006', 'L', 11, 'Negeri', 48, 'Hj. A. Nilawati', '081266904203'),
(7, 'Andi Tenri abeng', '1609555007', 'P', 11, 'Negeri', 49, 'A. Ratnasari', '085255918240'),
(8, 'Ardian', '1609609008', 'L', 11, 'Negeri', 50, 'Mustafa, S.Sos', '081355034339'),
(9, 'Bayu asmara', '1609572009', 'L', 11, 'Negeri', 51, 'Apriansyah Gumilang', '085299520279'),
(10, 'Khairati Nur', '1609612001', 'P', 11, 'Negeri', 52, 'Abd. Mustakim, S.Ag', '089524954202'),
(11, 'Muh. Abdullah', '1609598001', 'L', 11, 'Negeri', 53, 'Muklis', '081242047211'),
(12, 'Muh. Randi Tauhid', '1609568001', 'L', 11, 'Negeri', 54, 'Dr. Sulkifli, M.M', '085242704780'),
(13, 'MUH.KHAERUL', '1609597001', 'L', 11, 'Negeri', 55, 'A. Ratnasari Dewi', '089515548859'),
(14, 'Muhammad Abrar', '1609608001', 'L', 11, 'Negeri', 56, 'Agus Rahman', '082189412831'),
(15, 'Muhammad alqusairy', '1609563001', 'L', 11, 'Negeri', 57, 'Nurlinda S.Sos', '085332946477'),
(16, 'Muhammad Galby Ilyushar Rada', '1609556001', 'L', 11, 'Negeri', 58, 'H. Hadi', '085398575727'),
(17, 'Nur hikmah', '1609609001', 'P', 11, 'Negeri', 59, 'Rahmawati', '085242249661'),
(18, 'Andi Indah Prayoga', '1609555001', 'P', 11, 'Negeri', 60, 'Tajudin M', '08114411300'),
(19, 'Rizqah Ramadhani Nur', '1609560001', 'P', 11, 'Negeri', 61, 'Hamdan Syukur. S.Kom', '082393115531'),
(20, 'Samsinar', '1609575002', 'P', 11, 'Negeri', 62, 'M. Rahmat Iriawan', '081289410643'),
(21, 'Yayan Angriani', '1609585002', 'P', 11, 'Negeri', 63, 'Dra. Kiranti Nilam', '082189351010'),
(22, 'Zulkifli', '1609597002', 'L', 12, 'Negeri', 64, 'M. Ishak', '082539498403'),
(23, 'Astriani firda', '1709565001', 'P', 10, 'Negeri', 65, 'Abd. Rahman, S.Ag', '089124001549'),
(24, 'A. Baso Abdi Harun', '1709566002', 'L', 9, 'Negeri', 66, 'H. A. Jamaluddin, S.pd., M.M', '081299102067'),
(25, 'aqsan riset', '1709568003', 'L', 10, 'Negeri', 67, 'Surnizah T.U', '082193500222'),
(26, 'Dimas Mulyadi', '1709577004', 'L', 10, 'Negeri', 68, 'Muhammad Rizal A.', '085243403083'),
(27, 'Herlinda', '1709571005', 'P', 10, 'Negeri', 69, 'Ibrahim S.T', '081296536923'),
(28, 'Hamzah Hamid', '1709580006', 'L', 10, 'Negeri', 70, 'Feri Iriawan', '082369733492'),
(29, 'Indrawati', '1709556007', 'P', 10, 'Negeri', 71, 'Muklis', '081242047211'),
(30, 'Jihan Rusli', '1709593008', 'P', 10, 'Negeri', 72, 'Rusli., S.Ag', '085131566450'),
(31, 'Moh.Rifa\'i', '1709598009', 'L', 10, 'Negeri', 73, 'Muh. Zuhdi Rauf', '081365716340'),
(32, 'Muhammad Abrar Salahuddin', '1709605001', 'L', 10, 'Negeri', 74, 'Dra. Sima', '082218995710'),
(33, 'Nurul asqiah', '1709560001', 'P', 10, 'Negeri', 75, 'Marsuki', '085539003252'),
(34, 'Ryan darmawan', '1709554001', 'L', 10, 'Negeri', 76, 'Ahmad Setiyadi', '085389497943'),
(35, 'Shaleh Ibrahim', '1709593001', 'L', 11, 'Negeri', 77, 'Mustafa, S.Sos', '081355034339'),
(36, 'Siti Nurhaliza arman', '1709571001', 'P', 10, 'Negeri', 78, 'Arman Iriawan., S.Pd., M.Pd', '082368318240'),
(37, 'Utari umrah', '1709562001', 'P', 10, 'Negeri', 79, 'Muklis', '081242047211'),
(38, 'Zulfahmi', '1709588001', 'L', 10, 'Negeri', 80, 'Abd. Rahman Wahid', '082516405230');

-- --------------------------------------------------------

--
-- Table structure for table `data_soal`
--

CREATE TABLE `data_soal` (
  `id` int(3) NOT NULL,
  `keyword` varchar(50) NOT NULL,
  `tipe_karakter` varchar(10) NOT NULL,
  `kategori` varchar(10) NOT NULL,
  `keterangan` varchar(50) NOT NULL
) ENGINE=InnoDB DEFAULT CHARSET=latin1;

--
-- Dumping data for table `data_soal`
--

INSERT INTO `data_soal` (`id`, `keyword`, `tipe_karakter`, `kategori`, `keterangan`) VALUES
(1, 'Animated', 'Sanguin', 'Kelebihan', 'Sering menggunakan isyarat tangan, wajah, dll'),
(2, 'Playful', 'Sanguin', 'Kelebihan', 'Menyenangkan dan humoris'),
(3, 'Sociable', 'Sanguin', 'Kelebihan', 'Mudah bersimpati'),
(4, 'Convicing', 'Sanguin', 'Kelebihan', 'Mudah mendapatkan kepercayaan orang'),
(5, 'Refreshing', 'Sanguin', 'Kelebihan', 'Membuat suasana jadi menyenangkan'),
(6, 'Spirited', 'Sanguin', 'Kelebihan', 'Bersemangat'),
(7, 'Promoter', 'Sanguin', 'Kelebihan', 'Mudah mengajak orang secara menyenangkan'),
(8, 'Spontaneous', 'Sanguin', 'Kelebihan', 'Melakukan sesuatu secara spontan'),
(9, 'Optimistic', 'Sanguin', 'Kelebihan', 'Optimis'),
(10, 'Funny', 'Sanguin', 'Kelebihan', 'Suka melucu'),
(11, 'Delightful', 'Sanguin', 'Kelebihan', 'Dianggap sebagai teman yang menyenangkan'),
(12, 'Cheerful', 'Sanguin', 'Kelebihan', 'Periang'),
(13, 'Inspiring', 'Sanguin', 'Kelebihan', 'Menjadi contoh baik bagi teman-teman'),
(14, 'Demonstrative', 'Sanguin', 'Kelebihan', 'Terbiasa menyentuh lawan bicara'),
(15, 'Mixes-easily', 'Sanguin', 'Kelebihan', 'Mudah bergaul'),
(16, 'Talker', 'Sanguin', 'Kelebihan', 'Banyak/suka bicara'),
(17, 'Lively', 'Sanguin', 'Kelebihan', 'Lincah dan pekerja keras'),
(18, 'Cute', 'Sanguin', 'Kelebihan', 'Berhati lembut'),
(19, 'Popular', 'Sanguin', 'Kelebihan', 'Anak yang populer di lingkungan'),
(20, 'Bouncy', 'Sanguin', 'Kelebihan', 'Responsif'),
(21, 'Adventurous', 'Koleris', 'Kelebihan', 'Suka melakukan hal baru'),
(22, 'Persuasive', 'Koleris', 'Kelebihan', 'Ucapannya mudah diterima'),
(23, 'Strong-Willed', 'Koleris', 'Kelebihan', 'Berkemauan keras'),
(24, 'Competitive', 'Koleris', 'Kelebihan', 'Suka tantangan'),
(25, 'Resourceful', 'Koleris', 'Kelebihan', 'Cepat dalam berpikir dan bertindak'),
(26, 'Self-reliant', 'Koleris', 'Kelebihan', 'Mengandalkan kemampuan diri sendiri'),
(27, 'Positive', 'Koleris', 'Kelebihan', 'Percaya diri dalam memimpin orang lain'),
(28, 'Sure', 'Koleris', 'Kelebihan', 'Yakin dalam memutuskan sesuatu'),
(29, 'Outspoken', 'Koleris', 'Kelebihan', 'Lebih suka berterus terang'),
(30, 'Forceful', 'Koleris', 'Kelebihan', 'Mampu mendominasi dalam pergaulan'),
(31, 'Daring', 'Koleris', 'Kelebihan', 'Berani mengambil resiko'),
(32, 'Confident', 'Koleris', 'Kelebihan', 'Punya kepercayaan diri'),
(33, 'Independent', 'Koleris', 'Kelebihan', 'Mandiri'),
(34, 'Decisive', 'Koleris', 'Kelebihan', 'Mudah dalam mengambil keputusan'),
(35, 'Mover', 'Koleris', 'Kelebihan', 'Mampu jadi penggerak'),
(36, 'Tenacious', 'Koleris', 'Kelebihan', 'Gigih dalam mencapai sesuatu'),
(37, 'Leader', 'Koleris', 'Kelebihan', 'Punya tipikal pemimpin'),
(38, 'Chief', 'Koleris', 'Kelebihan', 'Mampu mengajak teman untuk mengikut'),
(39, 'Productive', 'Koleris', 'Kelebihan', 'Tidak suka berdiam diri'),
(40, 'Bold', 'Koleris', 'Kelebihan', 'Berani'),
(41, 'Analitical', 'Melankolis', 'Kelebihan', 'Suka mencari tahu/menyelidiki'),
(42, 'Persistent', 'Melankolis', 'Kelebihan', 'Tekun pada hal yang disukai'),
(43, 'Self-Sacrificing', 'Melankolis', 'Kelebihan', 'Rela berkorban'),
(44, 'Considerate', 'Melankolis', 'Kelebihan', 'Menghargai perasaan teman'),
(45, 'Respectful', 'Melankolis', 'Kelebihan', 'Menghormati orang lain'),
(46, 'Sensitive', 'Melankolis', 'Kelebihan', 'Sensitif'),
(47, 'Planner', 'Melankolis', 'Kelebihan', 'Berencana sebelum bertindak'),
(48, 'Scheduled', 'Melankolis', 'Kelebihan', 'Suka membuat jadwal sehari-hari'),
(49, 'Orderly', 'Melankolis', 'Kelebihan', 'Terbiasa mengerjakan sesuatu berurutan'),
(50, 'Faithful', 'Melankolis', 'Kelebihan', 'Gampang percaya ke teman'),
(51, 'Detailed', 'Melankolis', 'Kelebihan', 'Detail dalam memperhatikan'),
(52, 'Cultured', 'Melankolis', 'Kelebihan', 'Tertarik dengan seni dan budaya'),
(53, 'Idealistic', 'Melankolis', 'Kelebihan', 'Melakukan sesuatu dengan sempurna'),
(54, 'Deep', 'Melankolis', 'Kelebihan', 'Tidak kekanak-kanakan'),
(55, 'Musical', 'Melankolis', 'Kelebihan', 'Senang mengulik di bidang musik'),
(56, 'Thoughtful', 'Melankolis', 'Kelebihan', 'Berpikir sebelum bertindak'),
(57, 'Loyal', 'Melankolis', 'Kelebihan', 'Setia'),
(58, 'Chartmaker', 'Melankolis', 'Kelebihan', 'Berpikir sistematis'),
(59, 'Perfectionist', 'Melankolis', 'Kelebihan', 'Perfeksionis'),
(60, 'Behaved', 'Melankolis', 'Kelebihan', 'Mengindari kenakalan'),
(61, 'Adaptable', 'Plegmatis', 'Kelebihan', 'Mudah beradaptasi'),
(62, 'Peaceful', 'Plegmatis', 'Kelebihan', 'Tenang dalam segala kondisi'),
(63, 'Submissive', 'Plegmatis', 'Kelebihan', 'Mudah menerima pendapat orang'),
(64, 'Controlled', 'Plegmatis', 'Kelebihan', 'Mampu mengontrol emosi'),
(65, 'Reserved', 'Plegmatis', 'Kelebihan', 'Pendiam'),
(66, 'Satisfied', 'Plegmatis', 'Kelebihan', 'Gampang bersukur'),
(67, 'Patient', 'Plegmatis', 'Kelebihan', 'Tenang dan penyabar'),
(68, 'Shy', 'Plegmatis', 'Kelebihan', 'Pemalu'),
(69, 'Obliging', 'Plegmatis', 'Kelebihan', 'Koperatif dan penurut'),
(70, 'Friendly', 'Plegmatis', 'Kelebihan', 'Lebih suka menanggapi'),
(71, 'Diplomatic', 'Plegmatis', 'Kelebihan', 'Hati-hati dalam berbicara'),
(72, 'Consistent', 'Plegmatis', 'Kelebihan', 'Bertindak sesuai yang perkataan'),
(73, 'Inoffensive', 'Plegmatis', 'Kelebihan', 'Tidak suka membuat orang marah'),
(74, 'Dry humor', 'Plegmatis', 'Kelebihan', 'Mudah dibuat tertawa'),
(75, 'Mediator', 'Plegmatis', 'Kelebihan', 'Bisa menengahi pertengkaran'),
(76, 'Tolerant', 'Plegmatis', 'Kelebihan', 'Toleran ke orang lain'),
(77, 'Listener', 'Plegmatis', 'Kelebihan', 'Pendengar yang baik'),
(78, 'Contented', 'Plegmatis', 'Kelebihan', 'Tidak suka berekspektasi tinggi'),
(79, 'Pleasant', 'Plegmatis', 'Kelebihan', 'Mampu berbasa-basi'),
(80, 'Balanced', 'Plegmatis', 'Kelebihan', 'Sering mengambil jalan tengah'),
(81, 'Blank', 'Sanguin', 'Kekurangan', 'Ekspresi (muka) datar'),
(82, 'Undisciplined', 'Sanguin', 'Kekurangan', 'Tidak disiplin'),
(83, 'Repetitious', 'Sanguin', 'Kekurangan', 'Suka membicarakan kebaikannya'),
(84, 'Forgetful', 'Sanguin', 'Kekurangan', 'Gampang lupa'),
(85, 'Interrupts', 'Sanguin', 'Kekurangan', 'Suka menginterupsi'),
(86, 'Unpredictable', 'Sanguin', 'Kekurangan', 'Labil'),
(87, 'Haphazard', 'Sanguin', 'Kekurangan', 'Kurang berhati-hati'),
(88, 'Permissive', 'Sanguin', 'Kekurangan', '\"Asal kau bahagia\" ke orang lain'),
(89, 'Angered-easily', 'Sanguin', 'Kekurangan', 'Gampang ngambek'),
(90, 'Naive', 'Sanguin', 'Kekurangan', 'Kekanak-kanakan'),
(91, 'Wants-credit', 'Sanguin', 'Kekurangan', 'Ingin dihargai sama semua orang'),
(92, 'Talkative', 'Sanguin', 'Kekurangan', 'Terlalu suka bicara'),
(93, 'Disorganized', 'Sanguin', 'Kekurangan', 'Tidak suka diatur-atur'),
(94, 'Inconsistent', 'Sanguin', 'Kekurangan', 'Tidak konsisten'),
(95, 'Messy', 'Sanguin', 'Kekurangan', 'Hidup tidak teratur'),
(96, 'Show off', 'Sanguin', 'Kekurangan', 'Suka pamer'),
(97, 'Loud', 'Sanguin', 'Kekurangan', 'Berisik'),
(98, 'Scatterbrained', 'Sanguin', 'Kekurangan', 'Susah konsentrasi'),
(99, 'Restless', 'Sanguin', 'Kekurangan', 'Tidak bisa diam'),
(100, 'Changeable', 'Sanguin', 'Kekurangan', 'Gampang berubah-ubah pendirian'),
(101, 'Bashful', 'Koleris', 'Kekurangan', 'Canggung'),
(102, 'Unsympathetic', 'Koleris', 'Kekurangan', 'Cuek ke orang lain'),
(103, 'Resistant', 'Koleris', 'Kekurangan', 'Suka melawan'),
(104, 'Frank', 'Koleris', 'Kekurangan', 'Bicara blak-blakan'),
(105, 'Impatient', 'Koleris', 'Kekurangan', 'Tidak sabaran'),
(106, 'Unaffectionate', 'Koleris', 'Kekurangan', 'Kurang peduli sama orang lain'),
(107, 'Headstrong', 'Koleris', 'Kekurangan', 'Keras kepala'),
(108, 'Proud', 'Koleris', 'Kekurangan', 'Sombong dan arogan'),
(109, 'Alienated', 'Koleris', 'Kekurangan', 'Lebih suka menyendiri'),
(110, 'Nervy', 'Koleris', 'Kekurangan', 'Sering bertindak tidak sopan'),
(111, 'Workaholic', 'Koleris', 'Kekurangan', 'Melakukan sesuatu untuk imbalan'),
(112, 'Tactless', 'Koleris', 'Kekurangan', 'Gampang bikin orang tersinggung'),
(113, 'Domineering', 'Koleris', 'Kekurangan', 'Suka mendominasi'),
(114, 'Intolerant', 'Koleris', 'Kekurangan', 'Susah terbuka sama pemikiran orang'),
(115, 'Manipulative', 'Koleris', 'Kekurangan', 'Manipulatif ke orang lain'),
(116, 'Stubborn', 'Koleris', 'Kekurangan', 'Susah dinasehati'),
(117, 'Lord over', 'Koleris', 'Kekurangan', 'Suka menganggap remeh orang'),
(118, 'Short-tempered', 'Koleris', 'Kekurangan', 'Gampang marah ke teman yang tidak mau diatur'),
(119, 'Rash', 'Koleris', 'Kekurangan', 'Gegabah dan suka terburu-buru'),
(120, 'Crafty', 'Koleris', 'Kekurangan', 'Licik'),
(121, 'Brassy', 'Melankolis', 'Kekurangan', 'Suka sok hebat'),
(122, 'Unforgiving', 'Melankolis', 'Kekurangan', 'Susah memaafkan orang lain'),
(123, 'Resentful', 'Melankolis', 'Kekurangan', 'Suka marah-marah'),
(124, 'Fussy', 'Melankolis', 'Kekurangan', 'Membesar-besarkan masalah sepele'),
(125, 'Insecure', 'Melankolis', 'Kekurangan', 'Nggak percaya diri'),
(126, 'Unpopular', 'Melankolis', 'Kekurangan', 'Dijauhi karena tidak peduli kata orang'),
(127, 'Hard to please', 'Melankolis', 'Kekurangan', 'Susah puas sama kinerja orang lain'),
(128, 'Pessimistic', 'Melankolis', 'Kekurangan', 'Gampang pesimis'),
(129, 'Argumentative', 'Melankolis', 'Kekurangan', 'Suka benar sendiri'),
(130, 'Negative attitude', 'Melankolis', 'Kekurangan', 'Mudah bikin orang kesal'),
(131, 'Withdrawn', 'Melankolis', 'Kekurangan', 'Ansos (anti sosial)'),
(132, 'Too sensitive', 'Melankolis', 'Kekurangan', 'Gampang tersinggung'),
(133, 'Depressed', 'Melankolis', 'Kekurangan', 'Mudah merasa tertekan'),
(134, 'Introvert', 'Melankolis', 'Kekurangan', 'Introvert'),
(135, 'Mumbles', 'Melankolis', 'Kekurangan', 'Kebiasaan bicara pelan'),
(136, 'Skeptical', 'Melankolis', 'Kekurangan', 'Susah percaya (skeptis) ke orang lain'),
(137, 'Loner', 'Melankolis', 'Kekurangan', 'Penyendiri'),
(138, 'Suspicious', 'Melankolis', 'Kekurangan', 'Gampang curiga sama orang'),
(139, 'Revengeful', 'Melankolis', 'Kekurangan', 'Dendaman dan membalas diam-diam'),
(140, 'Critical', 'Melankolis', 'Kekurangan', 'Gampang negatif ke orang'),
(141, 'Bossy', 'Plegmatis', 'Kekurangan', 'Suka memerintah'),
(142, 'Unenthusiastic', 'Plegmatis', 'Kekurangan', 'Tidak antusias sama yang dikerjakan'),
(143, 'Reticent', 'Plegmatis', 'Kekurangan', 'Susah punya komitmen'),
(144, 'Fearful', 'Plegmatis', 'Kekurangan', 'Gampang overthinking dan takut banyak hal'),
(145, 'Indecisive', 'Plegmatis', 'Kekurangan', 'Sulit mengambil keputusan'),
(146, 'Uninvolved', 'Plegmatis', 'Kekurangan', 'Susah punya ketertarikan'),
(147, 'Hesitant', 'Plegmatis', 'Kekurangan', 'Suka ragu-ragu'),
(148, 'Plain', 'Plegmatis', 'Kekurangan', 'Terlalu polos'),
(149, 'Aimless', 'Plegmatis', 'Kekurangan', 'Tidak punya tujuan'),
(150, 'Nonchalat', 'Plegmatis', 'Kekurangan', 'Suka acuh tak acuh sama sekitar'),
(151, 'Worrier', 'Plegmatis', 'Kekurangan', 'Sering khawatir secara berlebihan'),
(152, 'Timid', 'Plegmatis', 'Kekurangan', 'Lebih suka mundur dari situasi sulit'),
(153, 'Doubtful', 'Plegmatis', 'Kekurangan', 'Selalu merasa tidak yakin dengan segala sesuat'),
(154, 'Indifferent', 'Plegmatis', 'Kekurangan', 'Merasa tidakn akan berhasil dengan berbagai cara'),
(155, 'Moody', 'Plegmatis', 'Kekurangan', 'Melakukan sesuatu sesuai mood'),
(156, 'Slow', 'Plegmatis', 'Kekurangan', 'Lambat loading'),
(157, 'Lazy', 'Plegmatis', 'Kekurangan', 'Cenderung pemalas'),
(158, 'Sluggish', 'Plegmatis', 'Kekurangan', 'Suka menunda-nunda'),
(159, 'Reluctant', 'Plegmatis', 'Kekurangan', 'Susah diajak terlibat'),
(160, 'Compromising', 'Plegmatis', 'Kekurangan', 'Terlalu sering kompromi');

-- --------------------------------------------------------

--
-- Table structure for table `jawaban_kuisioner`
--

CREATE TABLE `jawaban_kuisioner` (
  `id` int(3) NOT NULL,
  `id_user` int(3) NOT NULL DEFAULT 0,
  `id_siswa` int(3) NOT NULL DEFAULT 0,
  `id_soal` int(3) NOT NULL DEFAULT 0,
  `jawaban` char(1) NOT NULL DEFAULT ''
) ENGINE=InnoDB DEFAULT CHARSET=latin1;

--
-- Dumping data for table `jawaban_kuisioner`
--

INSERT INTO `jawaban_kuisioner` (`id`, `id_user`, `id_siswa`, `id_soal`, `jawaban`) VALUES
(1, 43, 1, 21, 'B'),
(2, 43, 1, 2, 'A'),
(3, 43, 1, 63, 'D'),
(4, 43, 1, 44, 'C'),
(5, 43, 1, 45, 'C'),
(6, 43, 1, 26, 'B'),
(7, 43, 1, 67, 'D'),
(8, 43, 1, 48, 'C'),
(9, 43, 1, 9, 'A'),
(10, 43, 1, 10, 'A'),
(11, 43, 1, 11, 'A'),
(12, 43, 1, 52, 'C'),
(13, 43, 1, 73, 'D'),
(14, 43, 1, 34, 'B'),
(15, 43, 1, 75, 'D'),
(16, 43, 1, 16, 'A'),
(17, 43, 1, 77, 'D'),
(18, 43, 1, 18, 'A'),
(19, 43, 1, 39, 'B'),
(20, 43, 1, 20, 'A'),
(21, 43, 1, 81, 'A'),
(22, 43, 1, 102, 'B'),
(23, 43, 1, 83, 'A'),
(24, 43, 1, 104, 'B'),
(25, 43, 1, 85, 'A'),
(26, 43, 1, 106, 'B'),
(27, 43, 1, 87, 'A'),
(28, 43, 1, 88, 'A'),
(29, 43, 1, 89, 'A'),
(30, 43, 1, 150, 'D'),
(31, 43, 1, 131, 'C'),
(32, 43, 1, 152, 'D'),
(33, 43, 1, 133, 'C'),
(34, 43, 1, 154, 'D'),
(35, 43, 1, 155, 'D'),
(36, 43, 1, 96, 'A'),
(37, 43, 1, 97, 'A'),
(38, 43, 1, 138, 'C'),
(39, 43, 1, 119, 'B'),
(40, 43, 1, 140, 'C'),
(41, 44, 2, 21, 'B'),
(42, 44, 2, 2, 'A'),
(43, 44, 2, 3, 'A'),
(44, 44, 2, 63, 'D'),
(45, 44, 2, 4, 'A'),
(46, 44, 2, 45, 'C'),
(47, 44, 2, 6, 'A'),
(48, 44, 2, 47, 'C'),
(49, 44, 2, 48, 'C'),
(50, 44, 2, 9, 'A'),
(51, 44, 2, 11, 'A'),
(52, 44, 2, 12, 'A'),
(53, 44, 2, 13, 'A'),
(54, 44, 2, 34, 'B'),
(55, 44, 2, 55, 'C'),
(56, 44, 2, 36, 'B'),
(57, 44, 2, 17, 'A'),
(58, 44, 2, 18, 'A'),
(59, 44, 2, 19, 'A'),
(60, 44, 2, 80, 'D'),
(61, 44, 2, 101, 'B'),
(62, 44, 2, 102, 'B'),
(63, 44, 2, 143, 'D'),
(64, 44, 2, 104, 'B'),
(65, 44, 2, 105, 'B'),
(66, 44, 2, 106, 'B'),
(67, 44, 2, 127, 'C'),
(68, 44, 2, 88, 'A'),
(69, 44, 2, 129, 'C'),
(70, 44, 2, 150, 'D'),
(71, 44, 2, 91, 'A'),
(72, 44, 2, 112, 'B'),
(73, 44, 2, 113, 'B'),
(74, 44, 2, 114, 'B'),
(75, 44, 2, 155, 'D'),
(76, 44, 2, 96, 'A'),
(77, 44, 2, 97, 'A'),
(78, 44, 2, 158, 'D'),
(79, 44, 2, 119, 'B'),
(80, 44, 2, 120, 'B'),
(81, 45, 3, 61, 'D'),
(82, 45, 3, 42, 'C'),
(83, 45, 3, 3, 'A'),
(84, 45, 3, 64, 'D'),
(85, 45, 3, 5, 'A'),
(86, 45, 3, 26, 'B'),
(87, 45, 3, 27, 'B'),
(88, 45, 3, 68, 'D'),
(89, 45, 3, 9, 'A'),
(90, 45, 3, 50, 'C'),
(91, 45, 3, 31, 'B'),
(92, 45, 3, 12, 'A'),
(93, 45, 3, 53, 'C'),
(94, 45, 3, 14, 'A'),
(95, 45, 3, 55, 'C'),
(96, 45, 3, 76, 'D'),
(97, 45, 3, 77, 'D'),
(98, 45, 3, 38, 'B'),
(99, 45, 3, 59, 'C'),
(100, 45, 3, 80, 'D'),
(101, 45, 3, 121, 'C'),
(102, 45, 3, 122, 'C'),
(103, 45, 3, 143, 'D'),
(104, 45, 3, 144, 'D'),
(105, 45, 3, 145, 'D'),
(106, 45, 3, 106, 'B'),
(107, 45, 3, 127, 'C'),
(108, 45, 3, 128, 'C'),
(109, 45, 3, 89, 'A'),
(110, 45, 3, 90, 'A'),
(111, 45, 3, 131, 'C'),
(112, 45, 3, 152, 'D'),
(113, 45, 3, 93, 'A'),
(114, 45, 3, 134, 'C'),
(115, 45, 3, 115, 'B'),
(116, 45, 3, 156, 'D'),
(117, 45, 3, 117, 'B'),
(118, 45, 3, 118, 'B'),
(119, 45, 3, 159, 'D'),
(120, 45, 3, 160, 'D'),
(121, 46, 4, 61, 'D'),
(122, 46, 4, 2, 'A'),
(123, 46, 4, 3, 'A'),
(124, 46, 4, 64, 'D'),
(125, 46, 4, 45, 'C'),
(126, 46, 4, 66, 'D'),
(127, 46, 4, 67, 'D'),
(128, 46, 4, 28, 'B'),
(129, 46, 4, 9, 'A'),
(130, 46, 4, 10, 'A'),
(131, 46, 4, 11, 'A'),
(132, 46, 4, 12, 'A'),
(133, 46, 4, 13, 'A'),
(134, 46, 4, 14, 'A'),
(135, 46, 4, 15, 'A'),
(136, 46, 4, 16, 'A'),
(137, 46, 4, 37, 'B'),
(138, 46, 4, 38, 'B'),
(139, 46, 4, 39, 'B'),
(140, 46, 4, 40, 'B'),
(141, 46, 4, 81, 'A'),
(142, 46, 4, 82, 'A'),
(143, 46, 4, 83, 'A'),
(144, 46, 4, 84, 'A'),
(145, 46, 4, 105, 'B'),
(146, 46, 4, 106, 'B'),
(147, 46, 4, 87, 'A'),
(148, 46, 4, 108, 'B'),
(149, 46, 4, 89, 'A'),
(150, 46, 4, 90, 'A'),
(151, 46, 4, 111, 'B'),
(152, 46, 4, 112, 'B'),
(153, 46, 4, 113, 'B'),
(154, 46, 4, 134, 'C'),
(155, 46, 4, 95, 'A'),
(156, 46, 4, 96, 'A'),
(157, 46, 4, 97, 'A'),
(158, 46, 4, 118, 'B'),
(159, 46, 4, 119, 'B'),
(160, 46, 4, 120, 'B'),
(161, 47, 5, 21, 'B'),
(162, 47, 5, 2, 'A'),
(163, 47, 5, 3, 'A'),
(164, 47, 5, 44, 'C'),
(165, 47, 5, 45, 'C'),
(166, 47, 5, 66, 'D'),
(167, 47, 5, 47, 'C'),
(168, 47, 5, 48, 'C'),
(169, 47, 5, 49, 'C'),
(170, 47, 5, 10, 'A'),
(171, 47, 5, 51, 'C'),
(172, 47, 5, 52, 'C'),
(173, 47, 5, 53, 'C'),
(174, 47, 5, 54, 'C'),
(175, 47, 5, 75, 'D'),
(176, 47, 5, 56, 'C'),
(177, 47, 5, 17, 'A'),
(178, 47, 5, 78, 'D'),
(179, 47, 5, 39, 'B'),
(180, 47, 5, 80, 'D'),
(181, 47, 5, 101, 'B'),
(182, 47, 5, 102, 'B'),
(183, 47, 5, 123, 'C'),
(184, 47, 5, 144, 'D'),
(185, 47, 5, 85, 'A'),
(186, 47, 5, 126, 'C'),
(187, 47, 5, 107, 'B'),
(188, 47, 5, 148, 'D'),
(189, 47, 5, 89, 'A'),
(190, 47, 5, 150, 'D'),
(191, 47, 5, 91, 'A'),
(192, 47, 5, 92, 'A'),
(193, 47, 5, 93, 'A'),
(194, 47, 5, 134, 'C'),
(195, 47, 5, 135, 'C'),
(196, 47, 5, 136, 'C'),
(197, 47, 5, 137, 'C'),
(198, 47, 5, 118, 'B'),
(199, 47, 5, 99, 'A'),
(200, 47, 5, 120, 'B'),
(201, 48, 6, 1, 'A'),
(202, 48, 6, 62, 'D'),
(203, 48, 6, 63, 'D'),
(204, 48, 6, 64, 'D'),
(205, 48, 6, 65, 'D'),
(206, 48, 6, 66, 'D'),
(207, 48, 6, 67, 'D'),
(208, 48, 6, 68, 'D'),
(209, 48, 6, 69, 'D'),
(210, 48, 6, 70, 'D'),
(211, 48, 6, 71, 'D'),
(212, 48, 6, 72, 'D'),
(213, 48, 6, 73, 'D'),
(214, 48, 6, 74, 'D'),
(215, 48, 6, 75, 'D'),
(216, 48, 6, 76, 'D'),
(217, 48, 6, 77, 'D'),
(218, 48, 6, 78, 'D'),
(219, 48, 6, 79, 'D'),
(220, 48, 6, 80, 'D'),
(221, 48, 6, 141, 'D'),
(222, 48, 6, 142, 'D'),
(223, 48, 6, 143, 'D'),
(224, 48, 6, 144, 'D'),
(225, 48, 6, 145, 'D'),
(226, 48, 6, 146, 'D'),
(227, 48, 6, 147, 'D'),
(228, 48, 6, 148, 'D'),
(229, 48, 6, 149, 'D'),
(230, 48, 6, 150, 'D'),
(231, 48, 6, 151, 'D'),
(232, 48, 6, 152, 'D'),
(233, 48, 6, 153, 'D'),
(234, 48, 6, 154, 'D'),
(235, 48, 6, 155, 'D'),
(236, 48, 6, 156, 'D'),
(237, 48, 6, 157, 'D'),
(238, 48, 6, 158, 'D'),
(239, 48, 6, 159, 'D'),
(240, 48, 6, 160, 'D'),
(241, 49, 7, 21, 'B'),
(242, 49, 7, 62, 'D'),
(243, 49, 7, 43, 'C'),
(244, 49, 7, 64, 'D'),
(245, 49, 7, 5, 'A'),
(246, 49, 7, 26, 'B'),
(247, 49, 7, 27, 'B'),
(248, 49, 7, 8, 'A'),
(249, 49, 7, 9, 'A'),
(250, 49, 7, 50, 'C'),
(251, 49, 7, 31, 'B'),
(252, 49, 7, 12, 'A'),
(253, 49, 7, 13, 'A'),
(254, 49, 7, 34, 'B'),
(255, 49, 7, 35, 'B'),
(256, 49, 7, 76, 'D'),
(257, 49, 7, 77, 'D'),
(258, 49, 7, 18, 'A'),
(259, 49, 7, 79, 'D'),
(260, 49, 7, 60, 'C'),
(261, 49, 7, 141, 'D'),
(262, 49, 7, 142, 'D'),
(263, 49, 7, 143, 'D'),
(264, 49, 7, 104, 'B'),
(265, 49, 7, 85, 'A'),
(266, 49, 7, 146, 'D'),
(267, 49, 7, 147, 'D'),
(268, 49, 7, 88, 'A'),
(269, 49, 7, 149, 'D'),
(270, 49, 7, 150, 'D'),
(271, 49, 7, 111, 'B'),
(272, 49, 7, 152, 'D'),
(273, 49, 7, 93, 'A'),
(274, 49, 7, 134, 'C'),
(275, 49, 7, 95, 'A'),
(276, 49, 7, 96, 'A'),
(277, 49, 7, 157, 'D'),
(278, 49, 7, 138, 'C'),
(279, 49, 7, 99, 'A'),
(280, 49, 7, 100, 'A'),
(281, 50, 8, 21, 'B'),
(282, 50, 8, 22, 'B'),
(283, 50, 8, 43, 'C'),
(284, 50, 8, 64, 'D'),
(285, 50, 8, 5, 'A'),
(286, 50, 8, 46, 'C'),
(287, 50, 8, 47, 'C'),
(288, 50, 8, 8, 'A'),
(289, 50, 8, 69, 'D'),
(290, 50, 8, 50, 'C'),
(291, 50, 8, 31, 'B'),
(292, 50, 8, 72, 'D'),
(293, 50, 8, 13, 'A'),
(294, 50, 8, 74, 'D'),
(295, 50, 8, 35, 'B'),
(296, 50, 8, 56, 'C'),
(297, 50, 8, 17, 'A'),
(298, 50, 8, 78, 'D'),
(299, 50, 8, 59, 'C'),
(300, 50, 8, 20, 'A'),
(301, 50, 8, 81, 'A'),
(302, 50, 8, 142, 'D'),
(303, 50, 8, 103, 'B'),
(304, 50, 8, 84, 'A'),
(305, 50, 8, 145, 'D'),
(306, 50, 8, 106, 'B'),
(307, 50, 8, 127, 'C'),
(308, 50, 8, 108, 'B'),
(309, 50, 8, 89, 'A'),
(310, 50, 8, 110, 'B'),
(311, 50, 8, 151, 'D'),
(312, 50, 8, 112, 'B'),
(313, 50, 8, 93, 'A'),
(314, 50, 8, 134, 'C'),
(315, 50, 8, 115, 'B'),
(316, 50, 8, 156, 'D'),
(317, 50, 8, 97, 'A'),
(318, 50, 8, 98, 'A'),
(319, 50, 8, 119, 'B'),
(320, 50, 8, 100, 'A'),
(321, 51, 9, 1, 'A'),
(322, 51, 9, 61, 'D'),
(323, 51, 9, 2, 'A'),
(324, 51, 9, 3, 'A'),
(325, 51, 9, 44, 'C'),
(326, 51, 9, 45, 'C'),
(327, 51, 9, 66, 'D'),
(328, 51, 9, 67, 'D'),
(329, 51, 9, 28, 'B'),
(330, 51, 9, 69, 'D'),
(331, 51, 9, 10, 'A'),
(332, 51, 9, 11, 'A'),
(333, 51, 9, 32, 'B'),
(334, 51, 9, 73, 'D'),
(335, 51, 9, 34, 'B'),
(336, 51, 9, 76, 'D'),
(337, 51, 9, 77, 'D'),
(338, 51, 9, 38, 'B'),
(339, 51, 9, 39, 'B'),
(340, 51, 9, 80, 'D'),
(341, 51, 9, 81, 'A'),
(342, 51, 9, 122, 'C'),
(343, 51, 9, 83, 'A'),
(344, 51, 9, 144, 'D'),
(345, 51, 9, 85, 'A'),
(346, 51, 9, 126, 'C'),
(347, 51, 9, 127, 'C'),
(348, 51, 9, 148, 'D'),
(349, 51, 9, 89, 'A'),
(350, 51, 9, 150, 'D'),
(351, 51, 9, 111, 'B'),
(352, 51, 9, 112, 'B'),
(353, 51, 9, 153, 'D'),
(354, 51, 9, 154, 'D'),
(355, 51, 9, 95, 'A'),
(356, 51, 9, 96, 'A'),
(357, 51, 9, 117, 'B'),
(358, 51, 9, 158, 'D'),
(359, 51, 9, 99, 'A'),
(360, 51, 9, 120, 'B'),
(361, 52, 10, 41, 'C'),
(362, 52, 10, 42, 'C'),
(363, 52, 10, 3, 'A'),
(364, 52, 10, 44, 'C'),
(365, 52, 10, 45, 'C'),
(366, 52, 10, 46, 'C'),
(367, 52, 10, 67, 'D'),
(368, 52, 10, 48, 'C'),
(369, 52, 10, 29, 'B'),
(370, 52, 10, 30, 'B'),
(371, 52, 10, 11, 'A'),
(372, 52, 10, 52, 'C'),
(373, 52, 10, 73, 'D'),
(374, 52, 10, 14, 'A'),
(375, 52, 10, 35, 'B'),
(376, 52, 10, 16, 'A'),
(377, 52, 10, 17, 'A'),
(378, 52, 10, 18, 'A'),
(379, 52, 10, 39, 'B'),
(380, 52, 10, 20, 'A'),
(381, 52, 10, 141, 'D'),
(382, 52, 10, 142, 'D'),
(383, 52, 10, 83, 'A'),
(384, 52, 10, 84, 'A'),
(385, 52, 10, 85, 'A'),
(386, 52, 10, 86, 'A'),
(387, 52, 10, 107, 'B'),
(388, 52, 10, 88, 'A'),
(389, 52, 10, 89, 'A'),
(390, 52, 10, 110, 'B'),
(391, 52, 10, 91, 'A'),
(392, 52, 10, 152, 'D'),
(393, 52, 10, 133, 'C'),
(394, 52, 10, 114, 'B'),
(395, 52, 10, 95, 'A'),
(396, 52, 10, 156, 'D'),
(397, 52, 10, 157, 'D'),
(398, 52, 10, 138, 'C'),
(399, 52, 10, 139, 'C'),
(400, 52, 10, 100, 'A'),
(401, 53, 11, 21, 'B'),
(402, 53, 11, 2, 'A'),
(403, 53, 11, 23, 'B'),
(404, 53, 11, 44, 'C'),
(405, 53, 11, 65, 'D'),
(406, 53, 11, 46, 'C'),
(407, 53, 11, 47, 'C'),
(408, 53, 11, 28, 'B'),
(409, 53, 11, 69, 'D'),
(410, 53, 11, 70, 'D'),
(411, 53, 11, 11, 'A'),
(412, 53, 11, 12, 'A'),
(413, 53, 11, 13, 'A'),
(414, 53, 11, 74, 'D'),
(415, 53, 11, 35, 'B'),
(416, 53, 11, 16, 'A'),
(417, 53, 11, 37, 'B'),
(418, 53, 11, 78, 'D'),
(419, 53, 11, 39, 'B'),
(420, 53, 11, 40, 'B'),
(421, 53, 11, 81, 'A'),
(422, 53, 11, 82, 'A'),
(423, 53, 11, 83, 'A'),
(424, 53, 11, 144, 'D'),
(425, 53, 11, 145, 'D'),
(426, 53, 11, 106, 'B'),
(427, 53, 11, 87, 'A'),
(428, 53, 11, 128, 'C'),
(429, 53, 11, 149, 'D'),
(430, 53, 11, 130, 'C'),
(431, 53, 11, 111, 'B'),
(432, 53, 11, 46, 'C'),
(433, 53, 11, 153, 'D'),
(434, 53, 11, 94, 'A'),
(435, 53, 11, 135, 'C'),
(436, 53, 11, 156, 'D'),
(437, 53, 11, 97, 'A'),
(438, 53, 11, 138, 'C'),
(439, 53, 11, 139, 'C'),
(440, 53, 11, 160, 'D'),
(441, 54, 12, 41, 'C'),
(442, 54, 12, 62, 'D'),
(443, 54, 12, 23, 'B'),
(444, 54, 12, 64, 'D'),
(445, 54, 12, 45, 'C'),
(446, 54, 12, 66, 'D'),
(447, 54, 12, 67, 'D'),
(448, 54, 12, 48, 'C'),
(449, 54, 12, 69, 'D'),
(450, 54, 12, 30, 'B'),
(451, 54, 12, 51, 'C'),
(452, 54, 12, 52, 'C'),
(453, 54, 12, 53, 'C'),
(454, 54, 12, 54, 'C'),
(455, 54, 12, 55, 'C'),
(456, 54, 12, 56, 'C'),
(457, 54, 12, 57, 'C'),
(458, 54, 12, 78, 'D'),
(459, 54, 12, 59, 'C'),
(460, 54, 12, 80, 'D'),
(461, 54, 12, 141, 'D'),
(462, 54, 12, 102, 'B'),
(463, 54, 12, 123, 'C'),
(464, 54, 12, 124, 'C'),
(465, 54, 12, 145, 'D'),
(466, 54, 12, 126, 'C'),
(467, 54, 12, 107, 'B'),
(468, 54, 12, 128, 'C'),
(469, 54, 12, 149, 'D'),
(470, 54, 12, 110, 'B'),
(471, 54, 12, 111, 'B'),
(472, 54, 12, 46, 'C'),
(473, 54, 12, 133, 'C'),
(474, 54, 12, 134, 'C'),
(475, 54, 12, 135, 'C'),
(476, 54, 12, 136, 'C'),
(477, 54, 12, 137, 'C'),
(478, 54, 12, 138, 'C'),
(479, 54, 12, 139, 'C'),
(480, 54, 12, 140, 'C'),
(481, 55, 13, 61, 'D'),
(482, 55, 13, 62, 'D'),
(483, 55, 13, 3, 'A'),
(484, 55, 13, 44, 'C'),
(485, 55, 13, 45, 'C'),
(486, 55, 13, 46, 'C'),
(487, 55, 13, 67, 'D'),
(488, 55, 13, 68, 'D'),
(489, 55, 13, 69, 'D'),
(490, 55, 13, 50, 'C'),
(491, 55, 13, 51, 'C'),
(492, 55, 13, 52, 'C'),
(493, 55, 13, 73, 'D'),
(494, 55, 13, 34, 'B'),
(495, 55, 13, 75, 'D'),
(496, 55, 13, 76, 'D'),
(497, 55, 13, 77, 'D'),
(498, 55, 13, 58, 'C'),
(499, 55, 13, 59, 'C'),
(500, 55, 13, 80, 'D'),
(501, 55, 13, 141, 'D'),
(502, 55, 13, 122, 'C'),
(503, 55, 13, 143, 'D'),
(504, 55, 13, 144, 'D'),
(505, 55, 13, 125, 'C'),
(506, 55, 13, 146, 'D'),
(507, 55, 13, 107, 'B'),
(508, 55, 13, 128, 'C'),
(509, 55, 13, 149, 'D'),
(510, 55, 13, 150, 'D'),
(511, 55, 13, 131, 'C'),
(512, 55, 13, 152, 'D'),
(513, 55, 13, 153, 'D'),
(514, 55, 13, 134, 'C'),
(515, 55, 13, 135, 'C'),
(516, 55, 13, 136, 'C'),
(517, 55, 13, 117, 'B'),
(518, 55, 13, 158, 'D'),
(519, 55, 13, 99, 'A'),
(520, 55, 13, 140, 'C'),
(521, 56, 14, 21, 'B'),
(522, 56, 14, 62, 'D'),
(523, 56, 14, 63, 'D'),
(524, 56, 14, 44, 'C'),
(525, 56, 14, 45, 'C'),
(526, 56, 14, 46, 'C'),
(527, 56, 14, 47, 'C'),
(528, 56, 14, 28, 'B'),
(529, 56, 14, 49, 'C'),
(530, 56, 14, 50, 'C'),
(531, 56, 14, 51, 'C'),
(532, 56, 14, 12, 'A'),
(533, 56, 14, 53, 'C'),
(534, 56, 14, 34, 'B'),
(535, 56, 14, 55, 'C'),
(536, 56, 14, 56, 'C'),
(537, 56, 14, 57, 'C'),
(538, 56, 14, 78, 'D'),
(539, 56, 14, 39, 'B'),
(540, 56, 14, 80, 'D'),
(541, 56, 14, 101, 'B'),
(542, 56, 14, 102, 'B'),
(543, 56, 14, 103, 'B'),
(544, 56, 14, 84, 'A'),
(545, 56, 14, 125, 'C'),
(546, 56, 14, 106, 'B'),
(547, 56, 14, 107, 'B'),
(548, 56, 14, 88, 'A'),
(549, 56, 14, 129, 'C'),
(550, 56, 14, 150, 'D'),
(551, 56, 14, 131, 'C'),
(552, 56, 14, 46, 'C'),
(553, 56, 14, 93, 'A'),
(554, 56, 14, 134, 'C'),
(555, 56, 14, 115, 'B'),
(556, 56, 14, 156, 'D'),
(557, 56, 14, 137, 'C'),
(558, 56, 14, 98, 'A'),
(559, 56, 14, 99, 'A'),
(560, 56, 14, 120, 'B'),
(561, 57, 15, 61, 'D'),
(562, 57, 15, 2, 'A'),
(563, 57, 15, 3, 'A'),
(564, 57, 15, 64, 'D'),
(565, 57, 15, 45, 'C'),
(566, 57, 15, 26, 'B'),
(567, 57, 15, 67, 'D'),
(568, 57, 15, 8, 'A'),
(569, 57, 15, 29, 'B'),
(570, 57, 15, 50, 'C'),
(571, 57, 15, 51, 'C'),
(572, 57, 15, 32, 'B'),
(573, 57, 15, 13, 'A'),
(574, 57, 15, 54, 'C'),
(575, 57, 15, 35, 'B'),
(576, 57, 15, 56, 'C'),
(577, 57, 15, 17, 'A'),
(578, 57, 15, 58, 'C'),
(579, 57, 15, 19, 'A'),
(580, 57, 15, 20, 'A'),
(581, 57, 15, 141, 'D'),
(582, 57, 15, 142, 'D'),
(583, 57, 15, 143, 'D'),
(584, 57, 15, 124, 'C'),
(585, 57, 15, 85, 'A'),
(586, 57, 15, 146, 'D'),
(587, 57, 15, 107, 'B'),
(588, 57, 15, 88, 'A'),
(589, 57, 15, 149, 'D'),
(590, 57, 15, 150, 'D'),
(591, 57, 15, 111, 'B'),
(592, 57, 15, 112, 'B'),
(593, 57, 15, 153, 'D'),
(594, 57, 15, 134, 'C'),
(595, 57, 15, 115, 'B'),
(596, 57, 15, 116, 'B'),
(597, 57, 15, 157, 'D'),
(598, 57, 15, 118, 'B'),
(599, 57, 15, 139, 'C'),
(600, 57, 15, 140, 'C'),
(601, 58, 16, 41, 'C'),
(602, 58, 16, 2, 'A'),
(603, 58, 16, 3, 'A'),
(604, 58, 16, 4, 'A'),
(605, 58, 16, 65, 'D'),
(606, 58, 16, 66, 'D'),
(607, 58, 16, 67, 'D'),
(608, 58, 16, 8, 'A'),
(609, 58, 16, 69, 'D'),
(610, 58, 16, 70, 'D'),
(611, 58, 16, 11, 'A'),
(612, 58, 16, 32, 'B'),
(613, 58, 16, 73, 'D'),
(614, 58, 16, 14, 'A'),
(615, 58, 16, 15, 'A'),
(616, 58, 16, 56, 'C'),
(617, 58, 16, 77, 'D'),
(618, 58, 16, 38, 'B'),
(619, 58, 16, 59, 'C'),
(620, 58, 16, 40, 'B'),
(621, 58, 16, 101, 'B'),
(622, 58, 16, 102, 'B'),
(623, 58, 16, 83, 'A'),
(624, 58, 16, 84, 'A'),
(625, 58, 16, 105, 'B'),
(626, 58, 16, 106, 'B'),
(627, 58, 16, 147, 'D'),
(628, 58, 16, 128, 'C'),
(629, 58, 16, 89, 'A'),
(630, 58, 16, 90, 'A'),
(631, 58, 16, 111, 'B'),
(632, 58, 16, 112, 'B'),
(633, 58, 16, 113, 'B'),
(634, 58, 16, 114, 'B'),
(635, 58, 16, 155, 'D'),
(636, 58, 16, 136, 'C'),
(637, 58, 16, 157, 'D'),
(638, 58, 16, 158, 'D'),
(639, 58, 16, 139, 'C'),
(640, 58, 16, 120, 'B'),
(641, 59, 17, 21, 'B'),
(642, 59, 17, 2, 'A'),
(643, 59, 17, 3, 'A'),
(644, 59, 17, 44, 'C'),
(645, 59, 17, 65, 'D'),
(646, 59, 17, 66, 'D'),
(647, 59, 17, 7, 'A'),
(648, 59, 17, 48, 'C'),
(649, 59, 17, 49, 'C'),
(650, 59, 17, 10, 'A'),
(651, 59, 17, 31, 'B'),
(652, 59, 17, 32, 'B'),
(653, 59, 17, 13, 'A'),
(654, 59, 17, 74, 'D'),
(655, 59, 17, 55, 'C'),
(656, 59, 17, 76, 'D'),
(657, 59, 17, 77, 'D'),
(658, 59, 17, 58, 'C'),
(659, 59, 17, 59, 'C'),
(660, 59, 17, 60, 'C'),
(661, 59, 17, 101, 'B'),
(662, 59, 17, 122, 'C'),
(663, 59, 17, 103, 'B'),
(664, 59, 17, 124, 'C'),
(665, 59, 17, 145, 'D'),
(666, 59, 17, 86, 'A'),
(667, 59, 17, 127, 'C'),
(668, 59, 17, 128, 'C'),
(669, 59, 17, 89, 'A'),
(670, 59, 17, 150, 'D'),
(671, 59, 17, 111, 'B'),
(672, 59, 17, 92, 'A'),
(673, 59, 17, 153, 'D'),
(674, 59, 17, 72, 'D'),
(675, 59, 17, 115, 'B'),
(676, 59, 17, 116, 'B'),
(677, 59, 17, 97, 'A'),
(678, 59, 17, 98, 'A'),
(679, 59, 17, 159, 'D'),
(680, 59, 17, 160, 'D'),
(681, 60, 18, 61, 'D'),
(682, 60, 18, 62, 'D'),
(683, 60, 18, 3, 'A'),
(684, 60, 18, 4, 'A'),
(685, 60, 18, 25, 'B'),
(686, 60, 18, 26, 'B'),
(687, 60, 18, 67, 'D'),
(688, 60, 18, 48, 'C'),
(689, 60, 18, 69, 'D'),
(690, 60, 18, 10, 'A'),
(691, 60, 18, 31, 'B'),
(692, 60, 18, 52, 'C'),
(693, 60, 18, 13, 'A'),
(694, 60, 18, 74, 'D'),
(695, 60, 18, 35, 'B'),
(696, 60, 18, 56, 'C'),
(697, 60, 18, 37, 'B'),
(698, 60, 18, 38, 'B'),
(699, 60, 18, 19, 'A'),
(700, 60, 18, 20, 'A'),
(701, 60, 18, 101, 'B'),
(702, 60, 18, 82, 'A'),
(703, 60, 18, 143, 'D'),
(704, 60, 18, 144, 'D'),
(705, 60, 18, 85, 'A'),
(706, 60, 18, 106, 'B'),
(707, 60, 18, 107, 'B'),
(708, 60, 18, 148, 'D'),
(709, 60, 18, 149, 'D'),
(710, 60, 18, 90, 'A'),
(711, 60, 18, 131, 'C'),
(712, 60, 18, 112, 'B'),
(713, 60, 18, 93, 'A'),
(714, 60, 18, 134, 'C'),
(715, 60, 18, 115, 'B'),
(716, 60, 18, 96, 'A'),
(717, 60, 18, 97, 'A'),
(718, 60, 18, 118, 'B'),
(719, 60, 18, 139, 'C'),
(720, 60, 18, 160, 'D'),
(721, 61, 19, 21, 'B'),
(722, 61, 19, 62, 'D'),
(723, 61, 19, 23, 'B'),
(724, 61, 19, 44, 'C'),
(725, 61, 19, 5, 'A'),
(726, 61, 19, 26, 'B'),
(727, 61, 19, 47, 'C'),
(728, 61, 19, 48, 'C'),
(729, 61, 19, 9, 'A'),
(730, 61, 19, 70, 'D'),
(731, 61, 19, 11, 'A'),
(732, 61, 19, 32, 'B'),
(733, 61, 19, 13, 'A'),
(734, 61, 19, 34, 'B'),
(735, 61, 19, 15, 'A'),
(736, 61, 19, 16, 'A'),
(737, 61, 19, 77, 'D'),
(738, 61, 19, 58, 'C'),
(739, 61, 19, 79, 'D'),
(740, 61, 19, 40, 'B'),
(741, 61, 19, 81, 'A'),
(742, 61, 19, 82, 'A'),
(743, 61, 19, 103, 'B'),
(744, 61, 19, 144, 'D'),
(745, 61, 19, 85, 'A'),
(746, 61, 19, 86, 'A'),
(747, 61, 19, 87, 'A'),
(748, 61, 19, 128, 'C'),
(749, 61, 19, 109, 'B'),
(750, 61, 19, 110, 'B'),
(751, 61, 19, 91, 'A'),
(752, 61, 19, 112, 'B'),
(753, 61, 19, 113, 'B'),
(754, 61, 19, 134, 'C'),
(755, 61, 19, 115, 'B'),
(756, 61, 19, 96, 'A'),
(757, 61, 19, 157, 'D'),
(758, 61, 19, 118, 'B'),
(759, 61, 19, 99, 'A'),
(760, 61, 19, 140, 'C'),
(761, 62, 20, 61, 'D'),
(762, 62, 20, 2, 'A'),
(763, 62, 20, 43, 'C'),
(764, 62, 20, 44, 'C'),
(765, 62, 20, 65, 'D'),
(766, 62, 20, 66, 'D'),
(767, 62, 20, 67, 'D'),
(768, 62, 20, 68, 'D'),
(769, 62, 20, 29, 'B'),
(770, 62, 20, 70, 'D'),
(771, 62, 20, 11, 'A'),
(772, 62, 20, 72, 'D'),
(773, 62, 20, 73, 'D'),
(774, 62, 20, 54, 'C'),
(775, 62, 20, 75, 'D'),
(776, 62, 20, 16, 'A'),
(777, 62, 20, 57, 'C'),
(778, 62, 20, 18, 'A'),
(779, 62, 20, 79, 'D'),
(780, 62, 20, 80, 'D'),
(781, 62, 20, 101, 'B'),
(782, 62, 20, 102, 'B'),
(783, 62, 20, 83, 'A'),
(784, 62, 20, 144, 'D'),
(785, 62, 20, 125, 'C'),
(786, 62, 20, 106, 'B'),
(787, 62, 20, 147, 'D'),
(788, 62, 20, 148, 'D'),
(789, 62, 20, 109, 'B'),
(790, 62, 20, 150, 'D'),
(791, 62, 20, 131, 'C'),
(792, 62, 20, 46, 'C'),
(793, 62, 20, 93, 'A'),
(794, 62, 20, 114, 'B'),
(795, 62, 20, 95, 'A'),
(796, 62, 20, 136, 'C'),
(797, 62, 20, 137, 'C'),
(798, 62, 20, 158, 'D'),
(799, 62, 20, 119, 'B'),
(800, 62, 20, 100, 'A'),
(801, 63, 21, 21, 'B'),
(802, 63, 21, 2, 'A'),
(803, 63, 21, 23, 'B'),
(804, 63, 21, 44, 'C'),
(805, 63, 21, 25, 'B'),
(806, 63, 21, 26, 'B'),
(807, 63, 21, 27, 'B'),
(808, 63, 21, 48, 'C'),
(809, 63, 21, 29, 'B'),
(810, 63, 21, 10, 'A'),
(811, 63, 21, 31, 'B'),
(812, 63, 21, 12, 'A'),
(813, 63, 21, 13, 'A'),
(814, 63, 21, 34, 'B'),
(815, 63, 21, 75, 'D'),
(816, 63, 21, 76, 'D'),
(817, 63, 21, 17, 'A'),
(818, 63, 21, 78, 'D'),
(819, 63, 21, 39, 'B'),
(820, 63, 21, 80, 'D'),
(821, 63, 21, 101, 'B'),
(822, 63, 21, 102, 'B'),
(823, 63, 21, 103, 'B'),
(824, 63, 21, 84, 'A'),
(825, 63, 21, 125, 'C'),
(826, 63, 21, 86, 'A'),
(827, 63, 21, 107, 'B'),
(828, 63, 21, 108, 'B'),
(829, 63, 21, 109, 'B'),
(830, 63, 21, 90, 'A'),
(831, 63, 21, 131, 'C'),
(832, 63, 21, 46, 'C'),
(833, 63, 21, 113, 'B'),
(834, 63, 21, 134, 'C'),
(835, 63, 21, 95, 'A'),
(836, 63, 21, 136, 'C'),
(837, 63, 21, 137, 'C'),
(838, 63, 21, 98, 'A'),
(839, 63, 21, 119, 'B'),
(840, 63, 21, 160, 'D'),
(841, 64, 22, 41, 'C'),
(842, 64, 22, 62, 'D'),
(843, 64, 22, 43, 'C'),
(844, 64, 22, 24, 'B'),
(845, 64, 22, 5, 'A'),
(846, 64, 22, 6, 'A'),
(847, 64, 22, 7, 'A'),
(848, 64, 22, 8, 'A'),
(849, 64, 22, 9, 'A'),
(850, 64, 22, 10, 'A'),
(851, 64, 22, 51, 'C'),
(852, 64, 22, 12, 'A'),
(853, 64, 22, 53, 'C'),
(854, 64, 22, 34, 'B'),
(855, 64, 22, 15, 'A'),
(856, 64, 22, 16, 'A'),
(857, 64, 22, 17, 'A'),
(858, 64, 22, 38, 'B'),
(859, 64, 22, 19, 'A'),
(860, 64, 22, 20, 'A'),
(861, 64, 22, 141, 'D'),
(862, 64, 22, 122, 'C'),
(863, 64, 22, 83, 'A'),
(864, 64, 22, 144, 'D'),
(865, 64, 22, 85, 'A'),
(866, 64, 22, 86, 'A'),
(867, 64, 22, 127, 'C'),
(868, 64, 22, 88, 'A'),
(869, 64, 22, 89, 'A'),
(870, 64, 22, 110, 'B'),
(871, 64, 22, 131, 'C'),
(872, 64, 22, 92, 'A'),
(873, 64, 22, 113, 'B'),
(874, 64, 22, 114, 'B'),
(875, 64, 22, 115, 'B'),
(876, 64, 22, 156, 'D'),
(877, 64, 22, 157, 'D'),
(878, 64, 22, 98, 'A'),
(879, 64, 22, 119, 'B'),
(880, 64, 22, 120, 'B'),
(881, 65, 23, 61, 'D'),
(882, 65, 23, 42, 'C'),
(883, 65, 23, 23, 'B'),
(884, 65, 23, 64, 'D'),
(885, 65, 23, 65, 'D'),
(886, 65, 23, 46, 'C'),
(887, 65, 23, 27, 'B'),
(888, 65, 23, 8, 'A'),
(889, 65, 23, 69, 'D'),
(890, 65, 23, 70, 'D'),
(891, 65, 23, 51, 'C'),
(892, 65, 23, 72, 'D'),
(893, 65, 23, 33, 'B'),
(894, 65, 23, 34, 'B'),
(895, 65, 23, 15, 'A'),
(896, 65, 23, 36, 'B'),
(897, 65, 23, 77, 'D'),
(898, 65, 23, 78, 'D'),
(899, 65, 23, 79, 'D'),
(900, 65, 23, 60, 'C'),
(901, 65, 23, 121, 'C'),
(902, 65, 23, 122, 'C'),
(903, 65, 23, 123, 'C'),
(904, 65, 23, 104, 'B'),
(905, 65, 23, 105, 'B'),
(906, 65, 23, 126, 'C'),
(907, 65, 23, 147, 'D'),
(908, 65, 23, 108, 'B'),
(909, 65, 23, 89, 'A'),
(910, 65, 23, 90, 'A'),
(911, 65, 23, 91, 'A'),
(912, 65, 23, 152, 'D'),
(913, 65, 23, 113, 'B'),
(914, 65, 23, 154, 'D'),
(915, 65, 23, 115, 'B'),
(916, 65, 23, 156, 'D'),
(917, 65, 23, 137, 'C'),
(918, 65, 23, 118, 'B'),
(919, 65, 23, 99, 'A'),
(920, 65, 23, 160, 'D'),
(921, 66, 24, 41, 'C'),
(922, 66, 24, 2, 'A'),
(923, 66, 24, 3, 'A'),
(924, 66, 24, 44, 'C'),
(925, 66, 24, 5, 'A'),
(926, 66, 24, 46, 'C'),
(927, 66, 24, 47, 'C'),
(928, 66, 24, 8, 'A'),
(929, 66, 24, 9, 'A'),
(930, 66, 24, 10, 'A'),
(931, 66, 24, 11, 'A'),
(932, 66, 24, 12, 'A'),
(933, 66, 24, 13, 'A'),
(934, 66, 24, 14, 'A'),
(935, 66, 24, 15, 'A'),
(936, 66, 24, 16, 'A'),
(937, 66, 24, 17, 'A'),
(938, 66, 24, 18, 'A'),
(939, 66, 24, 19, 'A'),
(940, 66, 24, 20, 'A'),
(941, 66, 24, 81, 'A'),
(942, 66, 24, 82, 'A'),
(943, 66, 24, 83, 'A'),
(944, 66, 24, 84, 'A'),
(945, 66, 24, 85, 'A'),
(946, 66, 24, 86, 'A'),
(947, 66, 24, 87, 'A'),
(948, 66, 24, 88, 'A'),
(949, 66, 24, 89, 'A'),
(950, 66, 24, 90, 'A'),
(951, 66, 24, 91, 'A'),
(952, 66, 24, 92, 'A'),
(953, 66, 24, 93, 'A'),
(954, 66, 24, 72, 'D'),
(955, 66, 24, 95, 'A'),
(956, 66, 24, 96, 'A'),
(957, 66, 24, 97, 'A'),
(958, 66, 24, 98, 'A'),
(959, 66, 24, 99, 'A'),
(960, 66, 24, 100, 'A'),
(961, 67, 25, 41, 'C'),
(962, 67, 25, 2, 'A'),
(963, 67, 25, 3, 'A'),
(964, 67, 25, 4, 'A'),
(965, 67, 25, 5, 'A'),
(966, 67, 25, 6, 'A'),
(967, 67, 25, 7, 'A'),
(968, 67, 25, 8, 'A'),
(969, 67, 25, 9, 'A'),
(970, 67, 25, 10, 'A'),
(971, 67, 25, 11, 'A'),
(972, 67, 25, 12, 'A'),
(973, 67, 25, 13, 'A'),
(974, 67, 25, 14, 'A'),
(975, 67, 25, 15, 'A'),
(976, 67, 25, 16, 'A'),
(977, 67, 25, 17, 'A'),
(978, 67, 25, 18, 'A'),
(979, 67, 25, 19, 'A'),
(980, 67, 25, 20, 'A'),
(981, 67, 25, 81, 'A'),
(982, 67, 25, 82, 'A'),
(983, 67, 25, 83, 'A'),
(984, 67, 25, 84, 'A'),
(985, 67, 25, 85, 'A'),
(986, 67, 25, 86, 'A'),
(987, 67, 25, 87, 'A'),
(988, 67, 25, 88, 'A'),
(989, 67, 25, 89, 'A'),
(990, 67, 25, 90, 'A'),
(991, 67, 25, 91, 'A'),
(992, 67, 25, 92, 'A'),
(993, 67, 25, 93, 'A'),
(994, 67, 25, 72, 'D'),
(995, 67, 25, 95, 'A'),
(996, 67, 25, 96, 'A'),
(997, 67, 25, 97, 'A'),
(998, 67, 25, 98, 'A'),
(999, 67, 25, 99, 'A'),
(1000, 67, 25, 100, 'A'),
(1001, 68, 26, 41, 'C'),
(1002, 68, 26, 22, 'B'),
(1003, 68, 26, 63, 'D'),
(1004, 68, 26, 64, 'D'),
(1005, 68, 26, 5, 'A'),
(1006, 68, 26, 66, 'D'),
(1007, 68, 26, 27, 'B'),
(1008, 68, 26, 48, 'C'),
(1009, 68, 26, 69, 'D'),
(1010, 68, 26, 10, 'A'),
(1011, 68, 26, 11, 'A'),
(1012, 68, 26, 72, 'D'),
(1013, 68, 26, 53, 'C'),
(1014, 68, 26, 14, 'A'),
(1015, 68, 26, 15, 'A'),
(1016, 68, 26, 16, 'A'),
(1017, 68, 26, 77, 'D'),
(1018, 68, 26, 58, 'C'),
(1019, 68, 26, 39, 'B'),
(1020, 68, 26, 80, 'D'),
(1021, 68, 26, 121, 'C'),
(1022, 68, 26, 122, 'C'),
(1023, 68, 26, 123, 'C'),
(1024, 68, 26, 104, 'B'),
(1025, 68, 26, 105, 'B'),
(1026, 68, 26, 106, 'B'),
(1027, 68, 26, 107, 'B'),
(1028, 68, 26, 108, 'B'),
(1029, 68, 26, 109, 'B'),
(1030, 68, 26, 130, 'C'),
(1031, 68, 26, 131, 'C'),
(1032, 68, 26, 46, 'C'),
(1033, 68, 26, 93, 'A'),
(1034, 68, 26, 154, 'D'),
(1035, 68, 26, 155, 'D'),
(1036, 68, 26, 96, 'A'),
(1037, 68, 26, 97, 'A'),
(1038, 68, 26, 138, 'C'),
(1039, 68, 26, 119, 'B'),
(1040, 68, 26, 120, 'B'),
(1041, 69, 27, 21, 'B'),
(1042, 69, 27, 22, 'B'),
(1043, 69, 27, 3, 'A'),
(1044, 69, 27, 44, 'C'),
(1045, 69, 27, 25, 'B'),
(1046, 69, 27, 46, 'C'),
(1047, 69, 27, 47, 'C'),
(1048, 69, 27, 48, 'C'),
(1049, 69, 27, 69, 'D'),
(1050, 69, 27, 10, 'A'),
(1051, 69, 27, 51, 'C'),
(1052, 69, 27, 72, 'D'),
(1053, 69, 27, 13, 'A'),
(1054, 69, 27, 74, 'D'),
(1055, 69, 27, 75, 'D'),
(1056, 69, 27, 76, 'D'),
(1057, 69, 27, 37, 'B'),
(1058, 69, 27, 58, 'C'),
(1059, 69, 27, 19, 'A'),
(1060, 69, 27, 60, 'C'),
(1061, 69, 27, 121, 'C'),
(1062, 69, 27, 122, 'C'),
(1063, 69, 27, 123, 'C'),
(1064, 69, 27, 144, 'D'),
(1065, 69, 27, 125, 'C'),
(1066, 69, 27, 126, 'C'),
(1067, 69, 27, 107, 'B'),
(1068, 69, 27, 148, 'D'),
(1069, 69, 27, 129, 'C'),
(1070, 69, 27, 110, 'B'),
(1071, 69, 27, 111, 'B'),
(1072, 69, 27, 46, 'C'),
(1073, 69, 27, 133, 'C'),
(1074, 69, 27, 94, 'A'),
(1075, 69, 27, 95, 'A'),
(1076, 69, 27, 96, 'A'),
(1077, 69, 27, 97, 'A'),
(1078, 69, 27, 98, 'A'),
(1079, 69, 27, 159, 'D'),
(1080, 69, 27, 160, 'D'),
(1081, 70, 28, 41, 'C'),
(1082, 70, 28, 22, 'B'),
(1083, 70, 28, 63, 'D'),
(1084, 70, 28, 44, 'C'),
(1085, 70, 28, 45, 'C'),
(1086, 70, 28, 46, 'C'),
(1087, 70, 28, 27, 'B'),
(1088, 70, 28, 68, 'D'),
(1089, 70, 28, 49, 'C'),
(1090, 70, 28, 50, 'C'),
(1091, 70, 28, 51, 'C'),
(1092, 70, 28, 72, 'D'),
(1093, 70, 28, 33, 'B'),
(1094, 70, 28, 34, 'B'),
(1095, 70, 28, 15, 'A'),
(1096, 70, 28, 56, 'C'),
(1097, 70, 28, 17, 'A'),
(1098, 70, 28, 78, 'D'),
(1099, 70, 28, 19, 'A'),
(1100, 70, 28, 60, 'C'),
(1101, 70, 28, 101, 'B'),
(1102, 70, 28, 142, 'D'),
(1103, 70, 28, 83, 'A'),
(1104, 70, 28, 124, 'C'),
(1105, 70, 28, 145, 'D'),
(1106, 70, 28, 106, 'B'),
(1107, 70, 28, 107, 'B'),
(1108, 70, 28, 88, 'A'),
(1109, 70, 28, 129, 'C'),
(1110, 70, 28, 150, 'D'),
(1111, 70, 28, 91, 'A'),
(1112, 70, 28, 46, 'C'),
(1113, 70, 28, 153, 'D'),
(1114, 70, 28, 94, 'A'),
(1115, 70, 28, 135, 'C'),
(1116, 70, 28, 156, 'D'),
(1117, 70, 28, 117, 'B'),
(1118, 70, 28, 98, 'A'),
(1119, 70, 28, 139, 'C'),
(1120, 70, 28, 160, 'D'),
(1121, 71, 29, 1, 'A'),
(1122, 71, 29, 22, 'B'),
(1123, 71, 29, 23, 'B'),
(1124, 71, 29, 44, 'C'),
(1125, 71, 29, 25, 'B'),
(1126, 71, 29, 66, 'D'),
(1127, 71, 29, 7, 'A'),
(1128, 71, 29, 48, 'C'),
(1129, 71, 29, 49, 'C'),
(1130, 71, 29, 10, 'A'),
(1131, 71, 29, 51, 'C'),
(1132, 71, 29, 52, 'C'),
(1133, 71, 29, 33, 'B'),
(1134, 71, 29, 14, 'A'),
(1135, 71, 29, 75, 'D'),
(1136, 71, 29, 76, 'D'),
(1137, 71, 29, 37, 'B'),
(1138, 71, 29, 18, 'A'),
(1139, 71, 29, 39, 'B'),
(1140, 71, 29, 40, 'B'),
(1141, 71, 29, 121, 'C'),
(1142, 71, 29, 142, 'D'),
(1143, 71, 29, 83, 'A'),
(1144, 71, 29, 104, 'B'),
(1145, 71, 29, 125, 'C'),
(1146, 71, 29, 126, 'C'),
(1147, 71, 29, 107, 'B'),
(1148, 71, 29, 128, 'C'),
(1149, 71, 29, 129, 'C'),
(1150, 71, 29, 150, 'D'),
(1151, 71, 29, 91, 'A'),
(1152, 71, 29, 46, 'C'),
(1153, 71, 29, 113, 'B'),
(1154, 71, 29, 154, 'D'),
(1155, 71, 29, 135, 'C'),
(1156, 71, 29, 96, 'A'),
(1157, 71, 29, 137, 'C'),
(1158, 71, 29, 138, 'C'),
(1159, 71, 29, 159, 'D'),
(1160, 71, 29, 120, 'B'),
(1161, 72, 30, 1, 'A'),
(1162, 72, 30, 42, 'C'),
(1163, 72, 30, 23, 'B'),
(1164, 72, 30, 64, 'D'),
(1165, 72, 30, 5, 'A'),
(1166, 72, 30, 46, 'C'),
(1167, 72, 30, 27, 'B'),
(1168, 72, 30, 68, 'D'),
(1169, 72, 30, 69, 'D'),
(1170, 72, 30, 10, 'A'),
(1171, 72, 30, 31, 'B'),
(1172, 72, 30, 52, 'C'),
(1173, 72, 30, 53, 'C'),
(1174, 72, 30, 54, 'C'),
(1175, 72, 30, 75, 'D'),
(1176, 72, 30, 76, 'D'),
(1177, 72, 30, 77, 'D'),
(1178, 72, 30, 78, 'D'),
(1179, 72, 30, 39, 'B'),
(1180, 72, 30, 80, 'D'),
(1181, 72, 30, 141, 'D'),
(1182, 72, 30, 142, 'D'),
(1183, 72, 30, 143, 'D'),
(1184, 72, 30, 104, 'B'),
(1185, 72, 30, 125, 'C'),
(1186, 72, 30, 106, 'B'),
(1187, 72, 30, 147, 'D'),
(1188, 72, 30, 128, 'C'),
(1189, 72, 30, 109, 'B'),
(1190, 72, 30, 130, 'C'),
(1191, 72, 30, 151, 'D'),
(1192, 72, 30, 152, 'D'),
(1193, 72, 30, 133, 'C'),
(1194, 72, 30, 154, 'D'),
(1195, 72, 30, 135, 'C'),
(1196, 72, 30, 156, 'D'),
(1197, 72, 30, 157, 'D'),
(1198, 72, 30, 138, 'C'),
(1199, 72, 30, 159, 'D'),
(1200, 72, 30, 160, 'D'),
(1201, 73, 31, 1, 'A'),
(1202, 73, 31, 22, 'B'),
(1203, 73, 31, 3, 'A'),
(1204, 73, 31, 4, 'A'),
(1205, 73, 31, 45, 'C'),
(1206, 73, 31, 46, 'C'),
(1207, 73, 31, 27, 'B'),
(1208, 73, 31, 28, 'B'),
(1209, 73, 31, 29, 'B'),
(1210, 73, 31, 30, 'B'),
(1211, 73, 31, 31, 'B'),
(1212, 73, 31, 32, 'B'),
(1213, 73, 31, 33, 'B'),
(1214, 73, 31, 34, 'B'),
(1215, 73, 31, 75, 'D'),
(1216, 73, 31, 36, 'B'),
(1217, 73, 31, 57, 'C'),
(1218, 73, 31, 58, 'C'),
(1219, 73, 31, 39, 'B'),
(1220, 73, 31, 20, 'A'),
(1221, 73, 31, 121, 'C'),
(1222, 73, 31, 122, 'C'),
(1223, 73, 31, 123, 'C'),
(1224, 73, 31, 124, 'C'),
(1225, 73, 31, 105, 'B'),
(1226, 73, 31, 106, 'B'),
(1227, 73, 31, 127, 'C'),
(1228, 73, 31, 128, 'C'),
(1229, 73, 31, 129, 'C'),
(1230, 73, 31, 90, 'A'),
(1231, 73, 31, 131, 'C'),
(1232, 73, 31, 112, 'B'),
(1233, 73, 31, 113, 'B'),
(1234, 73, 31, 72, 'D'),
(1235, 73, 31, 155, 'D'),
(1236, 73, 31, 116, 'B'),
(1237, 73, 31, 137, 'C'),
(1238, 73, 31, 118, 'B'),
(1239, 73, 31, 119, 'B'),
(1240, 73, 31, 140, 'C'),
(1241, 74, 32, 21, 'B'),
(1242, 74, 32, 42, 'C'),
(1243, 74, 32, 3, 'A'),
(1244, 74, 32, 64, 'D'),
(1245, 74, 32, 5, 'A'),
(1246, 74, 32, 26, 'B'),
(1247, 74, 32, 47, 'C'),
(1248, 74, 32, 28, 'B'),
(1249, 74, 32, 9, 'A'),
(1250, 74, 32, 70, 'D'),
(1251, 74, 32, 51, 'C'),
(1252, 74, 32, 52, 'C'),
(1253, 74, 32, 33, 'B'),
(1254, 74, 32, 34, 'B'),
(1255, 74, 32, 55, 'C'),
(1256, 74, 32, 36, 'B'),
(1257, 74, 32, 57, 'C'),
(1258, 74, 32, 78, 'D'),
(1259, 74, 32, 59, 'C'),
(1260, 74, 32, 80, 'D'),
(1261, 74, 32, 81, 'A'),
(1262, 74, 32, 102, 'B'),
(1263, 74, 32, 123, 'C'),
(1264, 74, 32, 124, 'C'),
(1265, 74, 32, 125, 'C'),
(1266, 74, 32, 86, 'A'),
(1267, 74, 32, 147, 'D'),
(1268, 74, 32, 148, 'D'),
(1269, 74, 32, 109, 'B'),
(1270, 74, 32, 150, 'D'),
(1271, 74, 32, 91, 'A'),
(1272, 74, 32, 46, 'C'),
(1273, 74, 32, 93, 'A'),
(1274, 74, 32, 134, 'C'),
(1275, 74, 32, 95, 'A'),
(1276, 74, 32, 116, 'B'),
(1277, 74, 32, 137, 'C'),
(1278, 74, 32, 158, 'D'),
(1279, 74, 32, 99, 'A'),
(1280, 74, 32, 140, 'C'),
(1281, 75, 33, 1, 'A'),
(1282, 75, 33, 62, 'D'),
(1283, 75, 33, 63, 'D'),
(1284, 75, 33, 64, 'D'),
(1285, 75, 33, 65, 'D'),
(1286, 75, 33, 26, 'B'),
(1287, 75, 33, 27, 'B'),
(1288, 75, 33, 28, 'B'),
(1289, 75, 33, 69, 'D'),
(1290, 75, 33, 50, 'C'),
(1291, 75, 33, 51, 'C'),
(1292, 75, 33, 32, 'B'),
(1293, 75, 33, 13, 'A'),
(1294, 75, 33, 14, 'A'),
(1295, 75, 33, 15, 'A'),
(1296, 75, 33, 36, 'B'),
(1297, 75, 33, 37, 'B'),
(1298, 75, 33, 38, 'B'),
(1299, 75, 33, 59, 'C'),
(1300, 75, 33, 60, 'C'),
(1301, 75, 33, 141, 'D'),
(1302, 75, 33, 142, 'D'),
(1303, 75, 33, 103, 'B'),
(1304, 75, 33, 144, 'D'),
(1305, 75, 33, 125, 'C'),
(1306, 75, 33, 86, 'A'),
(1307, 75, 33, 107, 'B'),
(1308, 75, 33, 88, 'A'),
(1309, 75, 33, 129, 'C'),
(1310, 75, 33, 130, 'C'),
(1311, 75, 33, 111, 'B'),
(1312, 75, 33, 92, 'A'),
(1313, 75, 33, 113, 'B'),
(1314, 75, 33, 154, 'D'),
(1315, 75, 33, 155, 'D'),
(1316, 75, 33, 116, 'B'),
(1317, 75, 33, 157, 'D'),
(1318, 75, 33, 118, 'B'),
(1319, 75, 33, 139, 'C'),
(1320, 75, 33, 120, 'B'),
(1321, 76, 34, 1, 'A'),
(1322, 76, 34, 62, 'D'),
(1323, 76, 34, 23, 'B'),
(1324, 76, 34, 64, 'D'),
(1325, 76, 34, 5, 'A'),
(1326, 76, 34, 46, 'C'),
(1327, 76, 34, 47, 'C'),
(1328, 76, 34, 48, 'C'),
(1329, 76, 34, 29, 'B'),
(1330, 76, 34, 70, 'D'),
(1331, 76, 34, 71, 'D'),
(1332, 76, 34, 32, 'B'),
(1333, 76, 34, 13, 'A'),
(1334, 76, 34, 54, 'C'),
(1335, 76, 34, 55, 'C'),
(1336, 76, 34, 16, 'A'),
(1337, 76, 34, 37, 'B'),
(1338, 76, 34, 58, 'C'),
(1339, 76, 34, 59, 'C'),
(1340, 76, 34, 40, 'B'),
(1341, 76, 34, 121, 'C'),
(1342, 76, 34, 122, 'C'),
(1343, 76, 34, 143, 'D'),
(1344, 76, 34, 144, 'D'),
(1345, 76, 34, 145, 'D'),
(1346, 76, 34, 126, 'C'),
(1347, 76, 34, 127, 'C'),
(1348, 76, 34, 108, 'B'),
(1349, 76, 34, 109, 'B'),
(1350, 76, 34, 150, 'D'),
(1351, 76, 34, 131, 'C'),
(1352, 76, 34, 112, 'B'),
(1353, 76, 34, 113, 'B'),
(1354, 76, 34, 134, 'C'),
(1355, 76, 34, 115, 'B'),
(1356, 76, 34, 136, 'C'),
(1357, 76, 34, 157, 'D'),
(1358, 76, 34, 158, 'D'),
(1359, 76, 34, 119, 'B'),
(1360, 76, 34, 160, 'D'),
(1361, 77, 35, 61, 'D'),
(1362, 77, 35, 22, 'B'),
(1363, 77, 35, 23, 'B'),
(1364, 77, 35, 44, 'C'),
(1365, 77, 35, 5, 'A'),
(1366, 77, 35, 26, 'B'),
(1367, 77, 35, 67, 'D'),
(1368, 77, 35, 48, 'C'),
(1369, 77, 35, 9, 'A'),
(1370, 77, 35, 10, 'A'),
(1371, 77, 35, 11, 'A'),
(1372, 77, 35, 32, 'B'),
(1373, 77, 35, 73, 'D'),
(1374, 77, 35, 34, 'B'),
(1375, 77, 35, 35, 'B'),
(1376, 77, 35, 36, 'B'),
(1377, 77, 35, 57, 'C'),
(1378, 77, 35, 78, 'D'),
(1379, 77, 35, 79, 'D'),
(1380, 77, 35, 80, 'D'),
(1381, 77, 35, 101, 'B'),
(1382, 77, 35, 102, 'B'),
(1383, 77, 35, 103, 'B'),
(1384, 77, 35, 104, 'B'),
(1385, 77, 35, 105, 'B'),
(1386, 77, 35, 146, 'D'),
(1387, 77, 35, 127, 'C'),
(1388, 77, 35, 108, 'B'),
(1389, 77, 35, 109, 'B'),
(1390, 77, 35, 110, 'B'),
(1391, 77, 35, 111, 'B'),
(1392, 77, 35, 112, 'B'),
(1393, 77, 35, 113, 'B'),
(1394, 77, 35, 114, 'B'),
(1395, 77, 35, 115, 'B'),
(1396, 77, 35, 116, 'B'),
(1397, 77, 35, 117, 'B'),
(1398, 77, 35, 118, 'B'),
(1399, 77, 35, 119, 'B'),
(1400, 77, 35, 140, 'C'),
(1401, 78, 36, 61, 'D'),
(1402, 78, 36, 62, 'D'),
(1403, 78, 36, 23, 'B'),
(1404, 78, 36, 44, 'C'),
(1405, 78, 36, 25, 'B'),
(1406, 78, 36, 66, 'D'),
(1407, 78, 36, 47, 'C'),
(1408, 78, 36, 68, 'D'),
(1409, 78, 36, 9, 'A'),
(1410, 78, 36, 70, 'D'),
(1411, 78, 36, 11, 'A'),
(1412, 78, 36, 12, 'A'),
(1413, 78, 36, 33, 'B'),
(1414, 78, 36, 74, 'D'),
(1415, 78, 36, 15, 'A'),
(1416, 78, 36, 16, 'A'),
(1417, 78, 36, 77, 'D'),
(1418, 78, 36, 58, 'C'),
(1419, 78, 36, 79, 'D'),
(1420, 78, 36, 40, 'B'),
(1421, 78, 36, 141, 'D'),
(1422, 78, 36, 122, 'C'),
(1423, 78, 36, 103, 'B'),
(1424, 78, 36, 84, 'A'),
(1425, 78, 36, 145, 'D'),
(1426, 78, 36, 126, 'C'),
(1427, 78, 36, 127, 'C'),
(1428, 78, 36, 148, 'D'),
(1429, 78, 36, 109, 'B'),
(1430, 78, 36, 110, 'B'),
(1431, 78, 36, 111, 'B'),
(1432, 78, 36, 152, 'D'),
(1433, 78, 36, 153, 'D'),
(1434, 78, 36, 154, 'D'),
(1435, 78, 36, 135, 'C'),
(1436, 78, 36, 116, 'B'),
(1437, 78, 36, 157, 'D'),
(1438, 78, 36, 118, 'B'),
(1439, 78, 36, 99, 'A'),
(1440, 78, 36, 120, 'B'),
(1441, 79, 37, 61, 'D'),
(1442, 79, 37, 62, 'D'),
(1443, 79, 37, 63, 'D'),
(1444, 79, 37, 64, 'D'),
(1445, 79, 37, 45, 'C'),
(1446, 79, 37, 66, 'D'),
(1447, 79, 37, 7, 'A'),
(1448, 79, 37, 48, 'C'),
(1449, 79, 37, 69, 'D'),
(1450, 79, 37, 10, 'A'),
(1451, 79, 37, 11, 'A'),
(1452, 79, 37, 12, 'A'),
(1453, 79, 37, 53, 'C'),
(1454, 79, 37, 54, 'C'),
(1455, 79, 37, 35, 'B'),
(1456, 79, 37, 56, 'C'),
(1457, 79, 37, 57, 'C'),
(1458, 79, 37, 78, 'D'),
(1459, 79, 37, 59, 'C'),
(1460, 79, 37, 80, 'D'),
(1461, 79, 37, 101, 'B'),
(1462, 79, 37, 142, 'D'),
(1463, 79, 37, 123, 'C'),
(1464, 79, 37, 144, 'D'),
(1465, 79, 37, 105, 'B'),
(1466, 79, 37, 86, 'A'),
(1467, 79, 37, 147, 'D'),
(1468, 79, 37, 88, 'A'),
(1469, 79, 37, 149, 'D'),
(1470, 79, 37, 130, 'C'),
(1471, 79, 37, 111, 'B'),
(1472, 79, 37, 46, 'C'),
(1473, 79, 37, 133, 'C'),
(1474, 79, 37, 154, 'D'),
(1475, 79, 37, 155, 'D'),
(1476, 79, 37, 116, 'B'),
(1477, 79, 37, 157, 'D'),
(1478, 79, 37, 118, 'B'),
(1479, 79, 37, 139, 'C'),
(1480, 79, 37, 140, 'C');

-- --------------------------------------------------------

--
-- Table structure for table `users`
--

CREATE TABLE `users` (
  `id_user` int(3) NOT NULL,
  `nama` varchar(50) DEFAULT NULL,
  `username` varchar(50) DEFAULT NULL,
  `password` text DEFAULT NULL,
  `level` char(1) DEFAULT NULL
) ENGINE=MyISAM DEFAULT CHARSET=latin1;

--
-- Dumping data for table `users`
--

INSERT INTO `users` (`id_user`, `nama`, `username`, `password`, `level`) VALUES
(1, 'Admin', 'admin', '$2y$10$zwMqE/tqI0FFDVYkv/BSn.pKmXZcxp0r05cJFj4d55s3jJj2QuqGe', '1'),
(72, 'Jihan Rusli', '1709593008', '$2y$10$0xsLD/mAJe.SxNgmV4da8eE1kwbhQ2X94SSef2onUoFIhKf4jZ6/6', '2'),
(3, 'Abdul Haris', 'haris123', '$2y$10$6xt8HpivQ5MJWh.6DE9eB.TsK4JapT2JY.mzcozVnp4WZD0jyuttW', '3'),
(73, 'Moh.Rifa\'i', '1709598009', '$2y$10$gHuL4hURa0u0S8AuiD3lMee6DC9lxUgXsjn8aLv3jygnwXHDVdqvS', '2'),
(71, 'Indrawati', '1709556007', '$2y$10$lK/UG9rrm2bBg0QW9Ok5Iu./VWFeEoO2MoebjpX.iahbduTMkPr7i', '2'),
(70, 'Hamzah Hamid', '1709580006', '$2y$10$fbv/OlKFuKQNAUB4nGolEOiOxCBZ0t/E08Gvr8XMBwCn5JugeN3Ui', '2'),
(69, 'Herlinda', '1709571005', '$2y$10$DfvNraa2N083zZ961RyMtuMxfo/.Fn./v9wErr.PD6x9rQByLcJ4.', '2'),
(68, 'Dimas Mulyadi', '1709577004', '$2y$10$KOOQMVYqyJZ7CPOoP4Gu1uxMWzOAePh271pUWjh7ni/WCLT4mwGN2', '2'),
(67, 'aqsan riset', '1709568003', '$2y$10$xyrWy2n4C/.D7zVk.j1u0uJVpA6maEHgbVg.ShmhzpkSvdrT4v1Se', '2'),
(66, 'A. Baso Abdi Harun', '1709566002', '$2y$10$KfJDRc1n574S7E3Nclnp/OLE89kY/hedwS9Z7WkrAsz.uwB/GPjI2', '2'),
(65, 'Astriani firda', '1709565001', '$2y$10$LVlM6yfH2XZhANoH67MfXunTZoxqvzpI9nxmKWY7M1Iic0i51stjq', '2'),
(64, 'Zulkifli', '16095970022', '$2y$10$lFgsd7Roo9my4jlraRBBOeDbW.5gKI.EV4jocJjWwtZEceF99Xi7.', '2'),
(63, 'Yayan Angriani', '16095850021', '$2y$10$/3lh60xfV6CENdSVWXOaguyXl1T3zVIm4yOi8OdrfV9tN7ryj2y6a', '2'),
(62, 'Samsinar', '16095750020', '$2y$10$WAgAi3XyPrpWsI.GtTyEy.KyfjtyVSgiYtGyROmP8mmcocW8HFJY.', '2'),
(61, 'Rizqah Ramadhani Nur', '16095600019', '$2y$10$h3rG8/Z/mkQCO0Tt.WrDh.PDKqXCbAnCoKnPzIxl5BRFy34ykSZ4m', '2'),
(60, 'Andi Indah Prayoga', '16095550018', '$2y$10$306Bn06aqBakJC1xKVWhPOlIRU2LKCwzTDsllailJne.q.eRLi8ae', '2'),
(59, 'Nur hikmah', '16096090017', '$2y$10$4aCblQGCUpx6nXB0ocOq1.sHloIPhkHcDwiuEaw247Vy2R0NLIGtC', '2'),
(58, 'Muhammad Galby Ilyushar Rada', '16095560016', '$2y$10$etsaezLyQXfoCWeifTx.G.JBKNkshHxxTLY9faJbnufiw3FZSPLmS', '2'),
(57, 'Muhammad alqusairy', '16095630015', '$2y$10$awCNp44GPlBTR0ltDyCAyuyjYQyg80Fi6LHCC87mcne/bwlEa.t0W', '2'),
(56, 'Muhammad Abrar', '16096080014', '$2y$10$lSEv89LcYZoj.8GcOa.JL.5qYhuuZrPiVGBO9Ju/jwhwTi13Z2YzO', '2'),
(55, 'MUH.KHAERUL', '16095970013', '$2y$10$CnRgFfJV8.zGOOseGPoX5ezoFD1icDhsfdEtB/fWByFEaxqdCuEyO', '2'),
(54, 'Muh. Randi Tauhid', '16095680012', '$2y$10$hiLG4c.wn6UUJ7Kl3E1jbOTKFulekGRKNOmlhWZs9zB6t5dtEDMEq', '2'),
(53, 'Muh. Abdullah', '16095980011', '$2y$10$r37YAxojo4tWFN1A3vhz1Ov7fqDYBhE.WJe15C0/Zfajv6xfHxfJS', '2'),
(52, 'Khairati Nur', '16096120010', '$2y$10$MUOtufN5cyo80HViuNj0ienCHXBfuJZm7.98xwDIRxcTE4CfzLliy', '2'),
(51, 'Bayu asmara', '1609572009', '$2y$10$LR6oJvpParBXitigIMEe2.hgTIsp8KWX0MHoCSLswCIVnNAMLPVGC', '2'),
(50, 'Ardian', '1609609008', '$2y$10$Q3DGlNe9pfce8HkM3anBTu98cJspqGwvD3Y2rZcfzat3KqgkIi.Pe', '2'),
(49, 'Andi Tenri abeng', '1609555007', '$2y$10$j1Ms9rMQySxrHt7JQ7Cvmeg/CgYtWJr7jYlli2D.1hJy8yJRg6lru', '2'),
(48, 'Andi muhammad yusuf amin', '1609610006', '$2y$10$J3.dxCKcAnzzygFIB81SLO5ZeJXizt9kiuzOW6S0nA5DpwhzRMW/a', '2'),
(47, 'Andi muh fajrul islam', '1609604005', '$2y$10$LWNnsrunTPjTLDxM2CX5neJRPST1tozT/C/Y98Xz3Ng7oSYzeq7cG', '2'),
(46, 'Andi Ghaza Al-Ghazali Awal', '1609546004', '$2y$10$HX25spCEy9qU2wEI3CuwjeZxWem3qUPf.FuymprpyvzT7dVLvaSXq', '2'),
(45, 'Andi fitri faradibah', '1609603003', '$2y$10$yKtQSALheCUoXMMIzrvCieSviAK8vPHKd7zrIslVCNd3eJcX.N9Ia', '2'),
(44, 'Andhika Hatriawan', '1609547002', '$2y$10$P6zu/apbnS/lvPzYWDa6iOWHKgfNmMMwpklgjvJpWJZOAenChlxNi', '2'),
(43, 'Ananda Amalia Yunus', '1609578001', '$2y$10$x1UjJFHYLIE6830zSF.kbuKe4nFd8LWknm8c.AGPIT/Dg6GEaTwBa', '2'),
(74, 'Muhammad Abrar Salahuddin', '17096050010', '$2y$10$kgX1ByXjAT6eerseqlP7z.DcN1SEngt2yPgHXod1xo.Iz5w1BRag2', '2'),
(75, 'Nurul asqiah', '17095600011', '$2y$10$MrRk2Oxhxe8jb/IEJlGn0OVoDglSY1eJawQmHgpqvJVcKUamKZ1oq', '2'),
(76, 'Ryan darmawan', '17095540012', '$2y$10$nRowItEw.fpja7.or09E9e4y6iz1NR1yqSL707Bn/CsZifTkdc8lW', '2'),
(77, 'Shaleh Ibrahim', '17095930013', '$2y$10$ycMs5Zwjar7kzxonMAQz/.Otjfdu5jDzSyLnG9b2dgK9AhYdH7E/i', '2'),
(78, 'Siti Nurhaliza arman', '17095710014', '$2y$10$Z2r5QHUt.y2xhEyIxJB8T.IbLJlbzDZFCdFHREVG5NlOcOi.n4rJi', '2'),
(79, 'Utari umrah', '17095620015', '$2y$10$xMtJ2AjfZwE.1V/RAgFNYuFe.zVPdXVJSba6kRt40hqPgUd7tsEz.', '2'),
(80, 'Zulfahmi', '17095880016', '$2y$10$.6HJxOsnaVYZbL33RR6w7uXK8FnTuWZcatRgHr15r/9vwwNrx.flu', '2');

--
-- Indexes for dumped tables
--

--
-- Indexes for table `data_hasil_klasifikasi`
--
ALTER TABLE `data_hasil_klasifikasi`
  ADD PRIMARY KEY (`id`);

--
-- Indexes for table `data_latih`
--
ALTER TABLE `data_latih`
  ADD PRIMARY KEY (`id`);

--
-- Indexes for table `data_siswa`
--
ALTER TABLE `data_siswa`
  ADD PRIMARY KEY (`id`);

--
-- Indexes for table `data_soal`
--
ALTER TABLE `data_soal`
  ADD PRIMARY KEY (`id`);

--
-- Indexes for table `jawaban_kuisioner`
--
ALTER TABLE `jawaban_kuisioner`
  ADD PRIMARY KEY (`id`);

--
-- Indexes for table `users`
--
ALTER TABLE `users`
  ADD PRIMARY KEY (`id_user`);

--
-- AUTO_INCREMENT for dumped tables
--

--
-- AUTO_INCREMENT for table `data_hasil_klasifikasi`
--
ALTER TABLE `data_hasil_klasifikasi`
  MODIFY `id` int(3) NOT NULL AUTO_INCREMENT, AUTO_INCREMENT=38;

--
-- AUTO_INCREMENT for table `data_latih`
--
ALTER TABLE `data_latih`
  MODIFY `id` int(3) NOT NULL AUTO_INCREMENT, AUTO_INCREMENT=101;

--
-- AUTO_INCREMENT for table `data_siswa`
--
ALTER TABLE `data_siswa`
  MODIFY `id` int(3) NOT NULL AUTO_INCREMENT, AUTO_INCREMENT=39;

--
-- AUTO_INCREMENT for table `data_soal`
--
ALTER TABLE `data_soal`
  MODIFY `id` int(3) NOT NULL AUTO_INCREMENT, AUTO_INCREMENT=161;

--
-- AUTO_INCREMENT for table `jawaban_kuisioner`
--
ALTER TABLE `jawaban_kuisioner`
  MODIFY `id` int(3) NOT NULL AUTO_INCREMENT, AUTO_INCREMENT=1481;

--
-- AUTO_INCREMENT for table `users`
--
ALTER TABLE `users`
  MODIFY `id_user` int(3) NOT NULL AUTO_INCREMENT, AUTO_INCREMENT=81;
COMMIT;

/*!40101 SET CHARACTER_SET_CLIENT=@OLD_CHARACTER_SET_CLIENT */;
/*!40101 SET CHARACTER_SET_RESULTS=@OLD_CHARACTER_SET_RESULTS */;
/*!40101 SET COLLATION_CONNECTION=@OLD_COLLATION_CONNECTION */;
